Country name;year;Life Ladder;Log GDP per capita;Social support;Healthy life expectancy at birth;Freedom to make life choices;Generosity;Perceptions of corruption;Positive affect;Negative affect;iso2c;iso3c;capital;region;longitude;latitude;income;continent
Afghanistan;2018;2,694;7,63;0,508;53,575;0,374;-0,091;0,928;0,385;0,405;AF;AFG;Kabul;South Asia;69.1761;34.5228;Low income;Asia
Afghanistan;2019;2,375;7,64;0,42;53,9;0,394;-0,106;0,924;0,324;0,502;AF;AFG;Kabul;South Asia;69.1761;34.5228;Low income;Asia
Afghanistan;2021;2,436;7,32;0,454;54,55;0,394;-0,081;0,946;0,179;0,607;AF;AFG;Kabul;South Asia;69.1761;34.5228;Low income;Asia
Afghanistan;2022;1,281;7,53;0,228;54,875;0,368;-0,09266667;0,733;0,206;0,576;AF;AFG;Kabul;South Asia;69.1761;34.5228;Low income;Asia
Albania;2018;5,004;9,50;0,684;69,075;0,824;0,007;0,899;0,592;0,319;AL;ALB;Tirane;Europe & Central Asia;19.8172;41.3317;Upper middle income;Europe
Albania;2019;4,995;9,52;0,686;69,1;0,777;-0,101;0,914;0,548;0,274;AL;ALB;Tirane;Europe & Central Asia;19.8172;41.3317;Upper middle income;Europe
Albania;2020;5,365;9,49;0,71;69,125;0,754;0,004;0,891;0,563;0,265;AL;ALB;Tirane;Europe & Central Asia;19.8172;41.3317;Upper middle income;Europe
Albania;2021;5,255;9,58;0,702;69,15;0,827;0,041;0,896;0,554;0,254;AL;ALB;Tirane;Europe & Central Asia;19.8172;41.3317;Upper middle income;Europe
Albania;2022;5,212;9,63;0,724;69,175;0,802;-0,066;0,846;0,547;0,255;AL;ALB;Tirane;Europe & Central Asia;19.8172;41.3317;Upper middle income;Europe
Algeria;2018;5,043;9,37;0,799;66,3;0,583;-0,151;0,759;0,534;0,293;DZ;DZA;Algiers;Middle East & North Africa;3.05097;36.7397;Lower middle income;Africa
Algeria;2019;4,745;9,36;0,803;66,4;0,385;0;0,741;0,544;0,215;DZ;DZA;Algiers;Middle East & North Africa;3.05097;36.7397;Lower middle income;Africa
Algeria;2020;5,438;9,29;0,868;66,5;0,574;-0,121;0,724;0,524;0,311;DZ;DZA;Algiers;Middle East & North Africa;3.05097;36.7397;Lower middle income;Africa
Algeria;2021;5,217;9,31;0,841;66,6;0,558;-0,113;0,712;0,498;0,258;DZ;DZA;Algiers;Middle East & North Africa;3.05097;36.7397;Lower middle income;Africa
Argentina;2018;5,793;10,03;0,9;67,05;0,846;-0,214;0,855;0,732;0,321;AR;ARG;Buenos Aires;Latin America & Caribbean;-58.4173;-34.6118;Upper middle income;South America
Argentina;2019;6,086;10,00;0,896;67,1;0,817;-0,214;0,83;0,735;0,319;AR;ARG;Buenos Aires;Latin America & Caribbean;-58.4173;-34.6118;Upper middle income;South America
Argentina;2020;5,901;9,89;0,897;67,15;0,823;-0,129;0,816;0,679;0,342;AR;ARG;Buenos Aires;Latin America & Caribbean;-58.4173;-34.6118;Upper middle income;South America
Argentina;2021;5,908;9,98;0,882;67,2;0,819;-0,012;0,816;0,685;0,345;AR;ARG;Buenos Aires;Latin America & Caribbean;-58.4173;-34.6118;Upper middle income;South America
Argentina;2022;6,261;10,01;0,893;67,25;0,825;-0,128;0,81;0,724;0,284;AR;ARG;Buenos Aires;Latin America & Caribbean;-58.4173;-34.6118;Upper middle income;South America
Armenia;2018;5,062;9,49;0,814;66,825;0,808;-0,169;0,677;0,535;0,455;AM;ARM;Yerevan;Europe & Central Asia;44.509;40.1596;Upper middle income;Asia
Armenia;2019;5,488;9,57;0,782;67,1;0,844;-0,179;0,583;0,537;0,43;AM;ARM;Yerevan;Europe & Central Asia;44.509;40.1596;Upper middle income;Asia
Armenia;2021;5,301;9,56;0,762;67,65;0,795;-0,156;0,705;0,566;0,478;AM;ARM;Yerevan;Europe & Central Asia;44.509;40.1596;Upper middle income;Asia
Armenia;2022;5,382;9,67;0,811;67,925;0,79;-0,154;0,705;0,531;0,549;AM;ARM;Yerevan;Europe & Central Asia;44.509;40.1596;Upper middle income;Asia
Australia;2018;7,177;10,80;0,94;70,825;0,916;0,143;0,405;0,706;0,187;AU;AUS;Canberra;East Asia & Pacific;149.129;-35.282;High income;Oceania
Australia;2019;7,234;10,81;0,943;70,9;0,918;0,117;0,43;0,727;0,202;AU;AUS;Canberra;East Asia & Pacific;149.129;-35.282;High income;Oceania
Australia;2020;7,137;10,79;0,937;70,975;0,905;0,203;0,491;0,726;0,205;AU;AUS;Canberra;East Asia & Pacific;149.129;-35.282;High income;Oceania
Australia;2021;7,112;10,82;0,92;71,05;0,912;0,236;0,454;0,74;0,235;AU;AUS;Canberra;East Asia & Pacific;149.129;-35.282;High income;Oceania
Australia;2022;7,035;10,85;0,942;71,125;0,854;0,153;0,545;0,711;0,244;AU;AUS;Canberra;East Asia & Pacific;149.129;-35.282;High income;Oceania
Austria;2018;7,396;10,92;0,912;70,775;0,904;0,05;0,523;0,695;0,226;AT;AUT;Vienna;Europe & Central Asia;16.3798;48.2201;High income;Europe
Austria;2019;7,195;10,93;0,964;70,9;0,903;0,056;0,457;0,727;0,205;AT;AUT;Vienna;Europe & Central Asia;16.3798;48.2201;High income;Europe
Austria;2020;7,213;10,86;0,925;71,025;0,912;0,006;0,464;0,716;0,206;AT;AUT;Vienna;Europe & Central Asia;16.3798;48.2201;High income;Europe
Austria;2021;7,08;10,90;0,863;71,15;0,795;0,159;0,501;0,722;0,259;AT;AUT;Vienna;Europe & Central Asia;16.3798;48.2201;High income;Europe
Austria;2022;6,999;10,94;0,876;71,275;0,856;0,139;0,524;0,718;0,226;AT;AUT;Vienna;Europe & Central Asia;16.3798;48.2201;High income;Europe
Azerbaijan;2018;5,168;9,56;0,781;63,475;0,772;-0,235;0,561;0,527;0,191;AZ;AZE;Baku;Europe & Central Asia;49.8932;40.3834;Upper middle income;Asia
Azerbaijan;2019;5,173;9,58;0,887;63,6;0,854;-0,218;0,457;0,577;0,164;AZ;AZE;Baku;Europe & Central Asia;49.8932;40.3834;Upper middle income;Asia
Bahrain;2019;7,098;10,82;0,878;65,9;0,907;0,036;0,7449;0,711;0,317;BH;BHR;Manama;Middle East & North Africa;50.5354;26.1921;High income;Asia
Bahrain;2020;6,173;10,78;0,848;65,825;0,945;0,117;0,7449;0,73;0,297;BH;BHR;Manama;Middle East & North Africa;50.5354;26.1921;High income;Asia
Bangladesh;2018;4,499;8,54;0,706;64,175;0,901;-0,056;0,701;0,433;0,361;BD;BGD;Dhaka;South Asia;90.4113;23.7055;Lower middle income;Asia
Bangladesh;2019;5,114;8,61;0,673;64,3;0,902;-0,064;0,656;0,433;0,369;BD;BGD;Dhaka;South Asia;90.4113;23.7055;Lower middle income;Asia
Bangladesh;2020;5,28;8,63;0,739;64,425;0,777;-0,023;0,742;0,485;0,332;BD;BGD;Dhaka;South Asia;90.4113;23.7055;Lower middle income;Asia
Bangladesh;2021;4,123;8,69;0,485;64,55;0,893;0,092;0,746;0,504;0,448;BD;BGD;Dhaka;South Asia;90.4113;23.7055;Lower middle income;Asia
Bangladesh;2022;3,408;8,74;0,404;64,675;0,865;-0,055;0,617;0,394;0,448;BD;BGD;Dhaka;South Asia;90.4113;23.7055;Lower middle income;Asia
Belarus;2018;5,234;9,85;0,905;65,775;0,644;-0,178;0,718;0,409;0,236;BY;BLR;Minsk;Europe & Central Asia;27.5766;53.9678;Upper middle income;Europe
Belarus;2019;5,821;9,87;0,917;66;0,657;-0,19;0,546;0,559;0,19;BY;BLR;Minsk;Europe & Central Asia;27.5766;53.9678;Upper middle income;Europe
Belgium;2018;6,892;10,84;0,93;70,45;0,808;-0,129;0,63;0,682;0,25;BE;BEL;Brussels;Europe & Central Asia;4.36761;50.8371;High income;Europe
Belgium;2019;6,772;10,86;0,884;70,6;0,776;-0,176;0,672;0,699;0,244;BE;BEL;Brussels;Europe & Central Asia;4.36761;50.8371;High income;Europe
Belgium;2020;6,839;10,80;0,904;70,75;0,767;-0,17;0,634;0,619;0,26;BE;BEL;Brussels;Europe & Central Asia;4.36761;50.8371;High income;Europe
Belgium;2021;6,882;10,85;0,915;70,9;0,823;0,079;0,523;0,687;0,26;BE;BEL;Brussels;Europe & Central Asia;4.36761;50.8371;High income;Europe
Belgium;2022;6,857;10,88;0,923;71,05;0,89;0,097;0,483;0,718;0,235;BE;BEL;Brussels;Europe & Central Asia;4.36761;50.8371;High income;Europe
Benin;2018;5,82;8,02;0,504;55,2;0,713;0,003;0,747;0,625;0,468;BJ;BEN;Porto-Novo;Sub-Saharan Africa;2.6323;6.4779;Lower middle income;Africa
Benin;2019;4,976;8,06;0,442;55,5;0,77;-0,015;0,698;0,638;0,441;BJ;BEN;Porto-Novo;Sub-Saharan Africa;2.6323;6.4779;Lower middle income;Africa
Benin;2020;4,408;8,07;0,507;55,8;0,783;-0,083;0,532;0,557;0,305;BJ;BEN;Porto-Novo;Sub-Saharan Africa;2.6323;6.4779;Lower middle income;Africa
Benin;2021;4,493;8,11;0,436;56,1;0,724;-0,013;0,613;0,597;0,435;BJ;BEN;Porto-Novo;Sub-Saharan Africa;2.6323;6.4779;Lower middle income;Africa
Benin;2022;4,217;8,14;0,366;56,4;0,714;-0,03;0,58;0,571;0,444;BJ;BEN;Porto-Novo;Sub-Saharan Africa;2.6323;6.4779;Lower middle income;Africa
Bolivia;2018;5,916;9,04;0,827;63,15;0,863;-0,094;0,786;0,705;0,387;BO;BOL;La Paz;Latin America & Caribbean;-66.1936;-13.9908;Lower middle income;South America
Bolivia;2019;5,674;9,05;0,784;63,3;0,881;-0,087;0,857;0,701;0,419;BO;BOL;La Paz;Latin America & Caribbean;-66.1936;-13.9908;Lower middle income;South America
Bolivia;2020;5,559;8,95;0,805;63,45;0,877;-0,053;0,868;0,729;0,382;BO;BOL;La Paz;Latin America & Caribbean;-66.1936;-13.9908;Lower middle income;South America
Bolivia;2021;5,569;8,99;0,798;63,6;0,862;-0,055;0,812;0,721;0,403;BO;BOL;La Paz;Latin America & Caribbean;-66.1936;-13.9908;Lower middle income;South America
Bolivia;2022;5,929;9,01;0,824;63,75;0,865;-0,08;0,84;0,738;0,426;BO;BOL;La Paz;Latin America & Caribbean;-66.1936;-13.9908;Lower middle income;South America
Bosnia and Herzegovina;2018;5,887;9,55;0,836;67,15;0,659;0,122;0,913;0,568;0,277;BA;BIH;Sarajevo;Europe & Central Asia;18.4214;43.8607;Upper middle income;Europe
Bosnia and Herzegovina;2019;6,016;9,59;0,873;67,2;0,722;0,077;0,963;0,545;0,238;BA;BIH;Sarajevo;Europe & Central Asia;18.4214;43.8607;Upper middle income;Europe
Bosnia and Herzegovina;2020;5,516;9,57;0,899;67,25;0,74;0,135;0,916;0,602;0,325;BA;BIH;Sarajevo;Europe & Central Asia;18.4214;43.8607;Upper middle income;Europe
Bosnia and Herzegovina;2021;5,749;9,66;0,86;67,3;0,759;0,277;0,921;0,604;0,305;BA;BIH;Sarajevo;Europe & Central Asia;18.4214;43.8607;Upper middle income;Europe
Botswana;2018;3,461;9,61;0,795;53,625;0,818;-0,246;0,807;0,688;0,267;BW;BWA;Gaborone;Sub-Saharan Africa;25.9201;-24.6544;Upper middle income;Africa
Botswana;2019;3,471;9,62;0,774;53,9;0,833;-0,231;0,792;0,665;0,273;BW;BWA;Gaborone;Sub-Saharan Africa;25.9201;-24.6544;Upper middle income;Africa
Botswana;2022;3,435;9,63;0,75;54,725;0,739;-0,215;0,831;0,623;0,287;BW;BWA;Gaborone;Sub-Saharan Africa;25.9201;-24.6544;Upper middle income;Africa
Brazil;2018;6,191;9,59;0,882;65,225;0,751;-0,12;0,763;0,677;0,35;BR;BRA;Brasilia;Latin America & Caribbean;-47.9292;-15.7801;Upper middle income;South America
Brazil;2019;6,451;9,60;0,899;65,4;0,83;-0,065;0,762;0,701;0,337;BR;BRA;Brasilia;Latin America & Caribbean;-47.9292;-15.7801;Upper middle income;South America
Brazil;2020;6,11;9,55;0,831;65,575;0,786;-0,058;0,729;0,653;0,389;BR;BRA;Brasilia;Latin America & Caribbean;-47.9292;-15.7801;Upper middle income;South America
Brazil;2021;6,01;9,59;0,814;65,75;0,792;0,089;0,739;0,662;0,407;BR;BRA;Brasilia;Latin America & Caribbean;-47.9292;-15.7801;Upper middle income;South America
Brazil;2022;6,257;9,61;0,866;65,925;0,83;-0,061;0,742;0,681;0,341;BR;BRA;Brasilia;Latin America & Caribbean;-47.9292;-15.7801;Upper middle income;South America
Bulgaria;2018;5,099;10,01;0,924;66,2;0,724;-0,18;0,952;0,554;0,189;BG;BGR;Sofia;Europe & Central Asia;23.3238;42.7105;Upper middle income;Europe
Bulgaria;2019;5,108;10,06;0,948;66,3;0,822;-0,113;0,943;0,577;0,2;BG;BGR;Sofia;Europe & Central Asia;23.3238;42.7105;Upper middle income;Europe
Bulgaria;2020;5,598;10,02;0,916;66,4;0,818;-0,01;0,901;0,642;0,221;BG;BGR;Sofia;Europe & Central Asia;23.3238;42.7105;Upper middle income;Europe
Bulgaria;2021;5,422;10,10;0,884;66,5;0,841;-0,016;0,891;0,647;0,253;BG;BGR;Sofia;Europe & Central Asia;23.3238;42.7105;Upper middle income;Europe
Bulgaria;2022;5,378;10,14;0,953;66,6;0,741;-0,145;0,942;0,582;0,165;BG;BGR;Sofia;Europe & Central Asia;23.3238;42.7105;Upper middle income;Europe
Burkina Faso;2018;4,927;7,63;0,665;54,525;0,721;-0,012;0,757;0,656;0,343;BF;BFA;Ouagadougou;Sub-Saharan Africa;-1.53395;12.3605;Low income;Africa
Burkina Faso;2019;4,741;7,65;0,683;54,9;0,678;-0,003;0,729;0,656;0,365;BF;BFA;Ouagadougou;Sub-Saharan Africa;-1.53395;12.3605;Low income;Africa
Burkina Faso;2020;4,64;7,65;0,668;55,275;0,75;0,123;0,809;0,605;0,388;BF;BFA;Ouagadougou;Sub-Saharan Africa;-1.53395;12.3605;Low income;Africa
Burkina Faso;2021;4,636;7,69;0,658;55,65;0,644;0,067;0,736;0,62;0,363;BF;BFA;Ouagadougou;Sub-Saharan Africa;-1.53395;12.3605;Low income;Africa
Burundi;2018;3,775;6,61;0,485;55,2;0,646;-0,023;0,599;0,636;0,363;BI;BDI;Bujumbura;Sub-Saharan Africa;29.3639;-3.3784;Low income;Africa
Cambodia;2018;5,122;8,35;0,795;61,3;0,958;0,032;0,84875;0,723;0,414;KH;KHM;Phnom Penh;East Asia & Pacific;104.874;11.5556;Lower middle income;Asia
Cambodia;2019;4,998;8,40;0,759;61,5;0,957;0,01;0,828;0,704;0,39;KH;KHM;Phnom Penh;East Asia & Pacific;104.874;11.5556;Lower middle income;Asia
Cambodia;2020;4,377;8,36;0,724;61,7;0,963;0,05;0,863;0,771;0,39;KH;KHM;Phnom Penh;East Asia & Pacific;104.874;11.5556;Lower middle income;Asia
Cambodia;2021;4,555;8,38;0,713;61,9;0,965;0,015;0,844;0,759;0,391;KH;KHM;Phnom Penh;East Asia & Pacific;104.874;11.5556;Lower middle income;Asia
Cambodia;2022;4,25;8,42;0,784;62,1;0,946;0,154;0,86;0,756;0,388;KH;KHM;Phnom Penh;East Asia & Pacific;104.874;11.5556;Lower middle income;Asia
Cameroon;2018;5,251;8,23;0,677;53,825;0,816;0,031;0,884;0,63;0,356;CM;CMR;Yaounde;Sub-Saharan Africa;11.5174;3.8721;Lower middle income;Africa
Cameroon;2019;4,937;8,23;0,711;54,5;0,712;-0,012;0,817;0,606;0,326;CM;CMR;Yaounde;Sub-Saharan Africa;11.5174;3.8721;Lower middle income;Africa
Cameroon;2020;5,241;8,21;0,72;55,175;0,675;0,045;0,837;0,626;0,386;CM;CMR;Yaounde;Sub-Saharan Africa;11.5174;3.8721;Lower middle income;Africa
Cameroon;2021;4,963;8,22;0,695;55,85;0,715;-0,026;0,849;0,612;0,347;CM;CMR;Yaounde;Sub-Saharan Africa;11.5174;3.8721;Lower middle income;Africa
Cameroon;2022;4,712;8,23;0,629;56,525;0,675;0,025;0,849;0,586;0,362;CM;CMR;Yaounde;Sub-Saharan Africa;11.5174;3.8721;Lower middle income;Africa
Canada;2018;7,175;10,80;0,923;71,25;0,946;0,102;0,372;0,773;0,259;CA;CAN;Ottawa;North America;-75.6919;45.4215;High income;North America
Canada;2019;7,109;10,80;0,925;71,3;0,912;0,107;0,436;0,781;0,285;CA;CAN;Ottawa;North America;-75.6919;45.4215;High income;North America
Canada;2020;7,025;10,74;0,931;71,35;0,887;0,045;0,434;0,738;0,307;CA;CAN;Ottawa;North America;-75.6919;45.4215;High income;North America
Canada;2021;6,939;10,78;0,926;71,4;0,898;0,191;0,384;0,763;0,276;CA;CAN;Ottawa;North America;-75.6919;45.4215;High income;North America
Canada;2022;6,918;10,80;0,929;71,45;0,838;0,222;0,442;0,719;0,287;CA;CAN;Ottawa;North America;-75.6919;45.4215;High income;North America
Chad;2018;4,486;7,36;0,577;51,625;0,65;0,023;0,763;0,532;0,544;TD;TCD;N'Djamena;Sub-Saharan Africa;15.0445;12.1048;Low income;Africa
Chad;2019;4,251;7,35;0,64;52;0,537;0,054;0,832;0,556;0,46;TD;TCD;N'Djamena;Sub-Saharan Africa;15.0445;12.1048;Low income;Africa
Chad;2022;4,397;7,26;0,72;53,125;0,679;0,221;0,805;0,588;0,499;TD;TCD;N'Djamena;Sub-Saharan Africa;15.0445;12.1048;Low income;Africa
Chile;2018;6,436;10,13;0,89;69,85;0,789;-0,066;0,816;0,755;0,276;CL;CHL;Santiago;Latin America & Caribbean;-70.6475;-33.475;High income;South America
Chile;2019;5,942;10,12;0,869;70;0,659;-0,108;0,86;0,741;0,337;CL;CHL;Santiago;Latin America & Caribbean;-70.6475;-33.475;High income;South America
Chile;2020;6,151;10,04;0,888;70,15;0,781;0,028;0,812;0,753;0,336;CL;CHL;Santiago;Latin America & Caribbean;-70.6475;-33.475;High income;South America
Chile;2021;6,436;10,14;0,891;70,3;0,803;-0,05;0,859;0,735;0,221;CL;CHL;Santiago;Latin America & Caribbean;-70.6475;-33.475;High income;South America
Chile;2022;6,415;10,15;0,887;70,45;0,793;-0,011;0,796;0,775;0,253;CL;CHL;Santiago;Latin America & Caribbean;-70.6475;-33.475;High income;South America
China;2018;5,131;9,63;0,788;68,375;0,895;-0,161;0,7449;0,722;0,19;CN;CHN;Beijing;East Asia & Pacific;116.286;40.0495;Upper middle income;Asia
China;2019;5,144;9,68;0,822;68,5;0,927;-0,176;0,7449;0,76;0,147;CN;CHN;Beijing;East Asia & Pacific;116.286;40.0495;Upper middle income;Asia
China;2020;5,771;9,70;0,808;68,625;0,891;-0,106;0,7449;0,663;0,245;CN;CHN;Beijing;East Asia & Pacific;116.286;40.0495;Upper middle income;Asia
China;2021;5,863;9,78;0,856;68,75;0,875;0,022;0,7449;0,698;0,24;CN;CHN;Beijing;East Asia & Pacific;116.286;40.0495;Upper middle income;Asia
Colombia;2018;5,984;9,58;0,871;68,825;0,851;-0,152;0,855;0,775;0,301;CO;COL;Bogota;Latin America & Caribbean;-74.082;4.60987;Upper middle income;South America
Colombia;2019;6,35;9,59;0,873;69;0,822;-0,175;0,854;0,791;0,322;CO;COL;Bogota;Latin America & Caribbean;-74.082;4.60987;Upper middle income;South America
Colombia;2020;5,709;9,50;0,797;69,175;0,84;-0,088;0,808;0,759;0,34;CO;COL;Bogota;Latin America & Caribbean;-74.082;4.60987;Upper middle income;South America
Colombia;2021;5,29;9,59;0,793;69,35;0,775;-0,063;0,831;0,752;0,348;CO;COL;Bogota;Latin America & Caribbean;-74.082;4.60987;Upper middle income;South America
Colombia;2022;5,892;9,66;0,877;69,525;0,799;-0,162;0,863;0,762;0,306;CO;COL;Bogota;Latin America & Caribbean;-74.082;4.60987;Upper middle income;South America
Comoros;2018;3,973;8,10;0,621;58,725;0,56;0,079;0,794;0,688;0,337;KM;COM;Moroni;Sub-Saharan Africa;43.2418;-11.6986;Lower middle income;Africa
Comoros;2019;4,609;8,10;0,632;58,9;0,538;0,071;0,762;0,665;0,336;KM;COM;Moroni;Sub-Saharan Africa;43.2418;-11.6986;Lower middle income;Africa
Comoros;2022;3,545;8,08;0,472;59,425;0,481;-0,014;0,732;0,603;0,352;KM;COM;Moroni;Sub-Saharan Africa;43.2418;-11.6986;Lower middle income;Africa
Congo (Brazzaville);2018;5,49;8,24;0,621;55,875;0,699;-0,102;0,738;0,571;0,448;0;0;0;0;15.2662;-4.2767;Lower middle income;Africa
Congo (Brazzaville);2019;5,213;8,22;0,625;56,2;0,686;-0,056;0,741;0,594;0,405;0;0;0;0;15.2662;-4.2767;Lower middle income;Africa
Congo (Brazzaville);2020;5,079;8,13;0,597;56,525;0,761;-0,021;0,728;0,572;0,435;0;0;0;0;15.2662;-4.2767;Lower middle income;Africa
Congo (Brazzaville);2021;4,921;8,08;0,568;56,85;0,738;-0,019;0,733;0,568;0,42;0;0;0;0;15.2662;-4.2767;Lower middle income;Africa
Congo (Brazzaville);2022;5,805;8,08;0,646;57,175;0,698;0,028;0,76;0,583;0,477;0;0;0;0;15.2662;-4.2767;Lower middle income;Africa
Congo (Kinshasa);2022;3,207;7,01;0,654;55,375;0,664;0,086;0,836;0,563;0,461;0;0;0;0;15.3222;-4.325;Low income;Africa
Costa Rica;2018;7,141;9,93;0,876;70;0,942;-0,114;0,781;0,802;0,326;CR;CRI;San Jose;Latin America & Caribbean;-84.0089;9.63701;Upper middle income;North America
Costa Rica;2019;6,998;9,94;0,906;70;0,927;-0,154;0,836;0,791;0,303;CR;CRI;San Jose;Latin America & Caribbean;-84.0089;9.63701;Upper middle income;North America
Costa Rica;2020;6,338;9,90;0,834;70;0,889;-0,136;0,772;0,759;0,35;CR;CRI;San Jose;Latin America & Caribbean;-84.0089;9.63701;Upper middle income;North America
Costa Rica;2021;6,408;9,96;0,876;70;0,887;-0,027;0,782;0,774;0,318;CR;CRI;San Jose;Latin America & Caribbean;-84.0089;9.63701;Upper middle income;North America
Costa Rica;2022;7,077;10,00;0,902;70;0,91;-0,047;0,751;0,793;0,272;CR;CRI;San Jose;Latin America & Caribbean;-84.0089;9.63701;Upper middle income;North America
Croatia;2018;5,536;10,25;0,91;68,425;0,691;-0,156;0,925;0,512;0,29;HR;HRV;Zagreb;Europe & Central Asia;15.9614;45.8069;High income;Europe
Croatia;2019;5,626;10,29;0,936;68,6;0,739;-0,143;0,932;0,504;0,269;HR;HRV;Zagreb;Europe & Central Asia;15.9614;45.8069;High income;Europe
Croatia;2020;6,508;10,20;0,923;68,775;0,837;-0,069;0,961;0,681;0,286;HR;HRV;Zagreb;Europe & Central Asia;15.9614;45.8069;High income;Europe
Croatia;2021;6,287;10,36;0,918;68,95;0,842;0,003;0,934;0,64;0,274;HR;HRV;Zagreb;Europe & Central Asia;15.9614;45.8069;High income;Europe
Croatia;2022;5,579;10,46;0,91;69,125;0,593;-0,213;0,875;0,573;0,267;HR;HRV;Zagreb;Europe & Central Asia;15.9614;45.8069;High income;Europe
Cyprus;2018;6,276;10,60;0,826;72,2;0,794;-0,029;0,848;0,663;0,298;CY;CYP;Nicosia;Europe & Central Asia;33.3736;35.1676;High income;Europe
Cyprus;2019;6,137;10,64;0,776;72,4;0,74;-0,016;0,865;0,663;0,29;CY;CYP;Nicosia;Europe & Central Asia;33.3736;35.1676;High income;Europe
Cyprus;2020;6,26;10,58;0,806;72,6;0,763;-0,084;0,816;0,671;0,284;CY;CYP;Nicosia;Europe & Central Asia;33.3736;35.1676;High income;Europe
Cyprus;2021;6,269;10,64;0,855;72,8;0,718;-0,036;0,876;0,641;0,275;CY;CYP;Nicosia;Europe & Central Asia;33.3736;35.1676;High income;Europe
Cyprus;2022;5,865;10,61;0,82;73;0,698;-0,04125;0,887;0,659;0,297;CY;CYP;Nicosia;Europe & Central Asia;33.3736;35.1676;High income;Europe
Czechia;2018;7,034;10,60;0,929;68,675;0,79;-0,297;0,851;0,674;0,178;0;0;0;0;15.5;49.75;High income;Europe
Czechia;2020;6,897;10,56;0,964;68,925;0,906;-0,133;0,884;0,748;0,29;0;0;0;0;15.5;49.75;High income;Europe
Czechia;2021;6,942;10,62;0,95;69,05;0,891;0,159;0,863;0,716;0,24;0;0;0;0;15.5;49.75;High income;Europe
Czechia;2022;6,695;10,66;0,944;69,175;0,908;0,094;0,831;0,743;0,246;0;0;0;0;15.5;49.75;High income;Europe
Denmark;2018;7,649;10,94;0,958;70,875;0,935;0,013;0,151;0,773;0,206;DK;DNK;Copenhagen;Europe & Central Asia;12.5681;55.6763;High income;Europe
Denmark;2019;7,693;10,95;0,958;71;0,963;0,016;0,174;0,797;0,181;DK;DNK;Copenhagen;Europe & Central Asia;12.5681;55.6763;High income;Europe
Denmark;2020;7,515;10,92;0,947;71,125;0,938;0,047;0,214;0,753;0,227;DK;DNK;Copenhagen;Europe & Central Asia;12.5681;55.6763;High income;Europe
Denmark;2021;7,699;10,97;0,945;71,25;0,933;0,131;0,173;0,792;0,206;DK;DNK;Copenhagen;Europe & Central Asia;12.5681;55.6763;High income;Europe
Denmark;2022;7,545;10,99;0,97;71,375;0,93;0,224;0,203;0,787;0,205;DK;DNK;Copenhagen;Europe & Central Asia;12.5681;55.6763;High income;Europe
Dominican Republic;2018;5,433;9,77;0,862;63,8;0,867;-0,153;0,762;0,719;0,291;DO;DOM;Santo Domingo;Latin America & Caribbean;-69.8908;18.479;Upper middle income;North America
Dominican Republic;2019;6,004;9,81;0,884;64;0,877;-0,125;0,746;0,747;0,264;DO;DOM;Santo Domingo;Latin America & Caribbean;-69.8908;18.479;Upper middle income;North America
Dominican Republic;2020;5,168;9,73;0,806;64,2;0,835;-0,126;0,636;0,724;0,314;DO;DOM;Santo Domingo;Latin America & Caribbean;-69.8908;18.479;Upper middle income;North America
Dominican Republic;2021;6,031;9,83;0,857;64,4;0,859;-0,086;0,677;0,734;0,275;DO;DOM;Santo Domingo;Latin America & Caribbean;-69.8908;18.479;Upper middle income;North America
Dominican Republic;2022;5,518;9,87;0,82;64,6;0,853;-0,084;0,656;0,723;0,306;DO;DOM;Santo Domingo;Latin America & Caribbean;-69.8908;18.479;Upper middle income;North America
Ecuador;2018;6,128;9,36;0,851;68,25;0,869;-0,103;0,831;0,817;0,328;EC;ECU;Quito;Latin America & Caribbean;-78.5243;-0.229498;Upper middle income;South America
Ecuador;2019;5,809;9,34;0,808;68,5;0,83;-0,118;0,839;0,75;0,374;EC;ECU;Quito;Latin America & Caribbean;-78.5243;-0.229498;Upper middle income;South America
Ecuador;2020;5,354;9,25;0,804;68,75;0,829;-0,16;0,855;0,755;0,416;EC;ECU;Quito;Latin America & Caribbean;-78.5243;-0.229498;Upper middle income;South America
Ecuador;2021;5,435;9,28;0,786;69;0,821;-0,083;0,775;0,742;0,403;EC;ECU;Quito;Latin America & Caribbean;-78.5243;-0.229498;Upper middle income;South America
Ecuador;2022;5,887;9,29;0,825;69,25;0,759;-0,08;0,866;0,777;0,356;EC;ECU;Quito;Latin America & Caribbean;-78.5243;-0.229498;Upper middle income;South America
Egypt;2018;4,005;9,29;0,759;62,75;0,682;-0,215;0,58;0,407;0,285;0;0;0;0;31.2461;30.0982;Lower middle income;Africa
Egypt;2019;4,328;9,32;0,772;63;0,774;-0,198;0,58;0,42;0,313;0;0;0;0;31.2461;30.0982;Lower middle income;Africa
Egypt;2020;4,472;9,34;0,673;63,25;0,77;-0,112;0,58;0,543;0,442;0;0;0;0;31.2461;30.0982;Lower middle income;Africa
Egypt;2021;4,026;9,36;0,717;63,5;0,704;-0,226;0,58;0,387;0,325;0;0;0;0;31.2461;30.0982;Lower middle income;Africa
Egypt;2022;4,024;9,40;0,769;63,75;0,733;-0,208;0,58;0,486;0,307;0;0;0;0;31.2461;30.0982;Lower middle income;Africa
El Salvador;2018;6,241;9,08;0,82;64,55;0,863;-0,1;0,801;0,817;0,27;SV;SLV;San Salvador;Latin America & Caribbean;-89.2073;13.7034;Lower middle income;North America
El Salvador;2019;6,455;9,11;0,764;64,9;0,877;-0,114;0,682;0,826;0,271;SV;SLV;San Salvador;Latin America & Caribbean;-89.2073;13.7034;Lower middle income;North America
El Salvador;2020;5,462;9,02;0,696;65,25;0,924;-0,129;0,583;0,811;0,329;SV;SLV;San Salvador;Latin America & Caribbean;-89.2073;13.7034;Lower middle income;North America
El Salvador;2021;6,431;9,11;0,796;65,6;0,915;-0,081;0,663;0,826;0,29;SV;SLV;San Salvador;Latin America & Caribbean;-89.2073;13.7034;Lower middle income;North America
El Salvador;2022;6,492;9,14;0,772;65,95;0,914;-0,112;0,621;0,823;0,296;SV;SLV;San Salvador;Latin America & Caribbean;-89.2073;13.7034;Lower middle income;North America
Estonia;2018;6,091;10,46;0,933;68,975;0,886;-0,145;0,621;0,73;0,163;EE;EST;Tallinn;Europe & Central Asia;24.7586;59.4392;High income;Europe
Estonia;2019;6,035;10,50;0,934;69,2;0,887;-0,099;0,576;0,738;0,156;EE;EST;Tallinn;Europe & Central Asia;24.7586;59.4392;High income;Europe
Estonia;2020;6,453;10,49;0,958;69,425;0,954;-0,088;0,398;0,762;0,188;EE;EST;Tallinn;Europe & Central Asia;24.7586;59.4392;High income;Europe
Estonia;2021;6,554;10,56;0,946;69,65;0,926;0,047;0,441;0,761;0,176;EE;EST;Tallinn;Europe & Central Asia;24.7586;59.4392;High income;Europe
Estonia;2022;6,357;10,57;0,933;69,875;0,904;0,136;0,39;0,767;0,187;EE;EST;Tallinn;Europe & Central Asia;24.7586;59.4392;High income;Europe
Eswatini;2018;4,212;9,03;0,779;49,3;0,71;-0,179;0,692;0,739;0,252;SZ;SWZ;Mbabane;Sub-Saharan Africa;31.4659;-26.5225;Lower middle income;Africa
Eswatini;2019;4,396;9,05;0,759;50,1;0,597;-0,192;0,724;0,726;0,28;SZ;SWZ;Mbabane;Sub-Saharan Africa;31.4659;-26.5225;Lower middle income;Africa
Ethiopia;2018;4,379;7,63;0,74;59,5;0,74;0,039;0,799;0,562;0,272;ET;ETH;Addis Ababa;Sub-Saharan Africa;38.7468;9.02274;Low income;Africa
Ethiopia;2019;4,1;7,69;0,748;59,9;0,754;0,052;0,732;0,519;0,283;ET;ETH;Addis Ababa;Sub-Saharan Africa;38.7468;9.02274;Low income;Africa
Ethiopia;2020;4,549;7,72;0,823;60,3;0,769;0,186;0,784;0,615;0,252;ET;ETH;Addis Ababa;Sub-Saharan Africa;38.7468;9.02274;Low income;Africa
Ethiopia;2022;3,628;7,76;0,74;61,1;0,674;0,361;0,793;0,56;0,335;ET;ETH;Addis Ababa;Sub-Saharan Africa;38.7468;9.02274;Low income;Africa
Finland;2018;7,858;10,78;0,962;70,925;0,938;-0,131;0,199;0,749;0,182;FI;FIN;Helsinki;Europe & Central Asia;24.9525;60.1608;High income;Europe
Finland;2019;7,78;10,79;0,937;71;0,948;-0,056;0,195;0,732;0,181;FI;FIN;Helsinki;Europe & Central Asia;24.9525;60.1608;High income;Europe
Finland;2020;7,889;10,77;0,962;71,075;0,962;-0,121;0,164;0,748;0,193;FI;FIN;Helsinki;Europe & Central Asia;24.9525;60.1608;High income;Europe
Finland;2021;7,794;10,80;0,97;71,15;0,963;-0,037;0,192;0,752;0,175;FI;FIN;Helsinki;Europe & Central Asia;24.9525;60.1608;High income;Europe
Finland;2022;7,729;10,81;0,974;71,225;0,959;0,102;0,19;0,741;0,191;FI;FIN;Helsinki;Europe & Central Asia;24.9525;60.1608;High income;Europe
France;2018;6,666;10,72;0,921;72;0,816;-0,142;0,582;0,705;0,282;FR;FRA;Paris;Europe & Central Asia;2.35097;48.8566;High income;Europe
France;2019;6,69;10,74;0,958;72,1;0,827;-0,137;0,568;0,693;0,25;FR;FRA;Paris;Europe & Central Asia;2.35097;48.8566;High income;Europe
France;2020;6,714;10,65;0,947;72,2;0,823;-0,174;0,565;0,69;0,231;FR;FRA;Paris;Europe & Central Asia;2.35097;48.8566;High income;Europe
France;2021;6,656;10,71;0,915;72,3;0,837;-0,102;0,561;0,685;0,268;FR;FRA;Paris;Europe & Central Asia;2.35097;48.8566;High income;Europe
France;2022;6,614;10,74;0,866;72,4;0,798;-0,025;0,533;0,688;0,249;FR;FRA;Paris;Europe & Central Asia;2.35097;48.8566;High income;Europe
Gabon;2018;4,783;9,57;0,785;57,275;0,719;-0,198;0,823;0,614;0,418;GA;GAB;Libreville;Sub-Saharan Africa;9.45162;0.38832;Upper middle income;Africa
Gabon;2019;4,914;9,58;0,763;57,6;0,736;-0,204;0,846;0,638;0,413;GA;GAB;Libreville;Sub-Saharan Africa;9.45162;0.38832;Upper middle income;Africa
Gabon;2020;4,887;9,54;0,701;57,925;0,528;-0,192;0,789;0,568;0,416;GA;GAB;Libreville;Sub-Saharan Africa;9.45162;0.38832;Upper middle income;Africa
Gabon;2021;5,075;9,53;0,754;58,25;0,699;-0,205;0,766;0,62;0,362;GA;GAB;Libreville;Sub-Saharan Africa;9.45162;0.38832;Upper middle income;Africa
Gabon;2022;5,14;9,54;0,775;58,575;0,699;-0,164;0,803;0,661;0,414;GA;GAB;Libreville;Sub-Saharan Africa;9.45162;0.38832;Upper middle income;Africa
Gambia;2018;4,922;7,61;0,685;56,7;0,719;0,443;0,691;0,759;0,379;0;0;0;0;-16.5885;13.4495;Low income;Africa
Gambia;2019;5,164;7,64;0,694;57;0,677;0,413;0,798;0,718;0,401;0;0;0;0;-16.5885;13.4495;Low income;Africa
Gambia;2022;4,279;7,65;0,588;57,9;0,599;0,364;0,884;0,722;0,438;0;0;0;0;-16.5885;13.4495;Low income;Africa
Georgia;2018;4,659;9,57;0,617;64,575;0,775;-0,236;0,755;0,479;0,244;GE;GEO;Tbilisi;Europe & Central Asia;44.793;41.71;Upper middle income;Asia
Georgia;2019;4,892;9,62;0,675;64,7;0,811;-0,263;0,647;0,503;0,244;GE;GEO;Tbilisi;Europe & Central Asia;44.793;41.71;Upper middle income;Asia
Georgia;2020;5,123;9,54;0,718;64,825;0,764;-0,223;0,583;0,573;0,295;GE;GEO;Tbilisi;Europe & Central Asia;44.793;41.71;Upper middle income;Asia
Georgia;2021;4,911;9,65;0,671;64,95;0,777;-0,287;0,723;0,51;0,24;GE;GEO;Tbilisi;Europe & Central Asia;44.793;41.71;Upper middle income;Asia
Georgia;2022;5,293;9,75;0,754;65,075;0,821;-0,253;0,655;0,503;0,233;GE;GEO;Tbilisi;Europe & Central Asia;44.793;41.71;Upper middle income;Asia
Germany;2018;7,118;10,89;0,92;70,7;0,877;0,03;0,496;0,74;0,243;DE;DEU;Berlin;Europe & Central Asia;13.4115;52.5235;High income;Europe
Germany;2019;7,035;10,89;0,886;70,9;0,885;0,053;0,462;0,712;0,226;DE;DEU;Berlin;Europe & Central Asia;13.4115;52.5235;High income;Europe
Germany;2020;7,312;10,86;0,905;71,1;0,864;-0,066;0,424;0,698;0,206;DE;DEU;Berlin;Europe & Central Asia;13.4115;52.5235;High income;Europe
Germany;2021;6,755;10,88;0,868;71,3;0,778;0,075;0,418;0,703;0,251;DE;DEU;Berlin;Europe & Central Asia;13.4115;52.5235;High income;Europe
Germany;2022;6,608;10,90;0,916;71,5;0,895;0,081;0,417;0,668;0,201;DE;DEU;Berlin;Europe & Central Asia;13.4115;52.5235;High income;Europe
Ghana;2018;5,004;8,54;0,761;57,625;0,817;0,061;0,846;0,716;0,25;GH;GHA;Accra;Sub-Saharan Africa;-0.20795;5.57045;Lower middle income;Africa
Ghana;2019;4,967;8,58;0,746;58;0,787;0,114;0,857;0,645;0,27;GH;GHA;Accra;Sub-Saharan Africa;-0.20795;5.57045;Lower middle income;Africa
Ghana;2020;5,319;8,57;0,643;58,375;0,824;0,199;0,847;0,675;0,253;GH;GHA;Accra;Sub-Saharan Africa;-0.20795;5.57045;Lower middle income;Africa
Ghana;2021;4,378;8,60;0,633;58,75;0,73;0,108;0,888;0,588;0,295;GH;GHA;Accra;Sub-Saharan Africa;-0.20795;5.57045;Lower middle income;Africa
Ghana;2022;4,191;8,62;0,628;59,125;0,786;0,117;0,909;0,62;0,292;GH;GHA;Accra;Sub-Saharan Africa;-0.20795;5.57045;Lower middle income;Africa
Greece;2018;5,409;10,28;0,794;70,775;0,564;-0,338;0,86;0,564;0,255;GR;GRC;Athens;Europe & Central Asia;23.7166;37.9792;High income;Europe
Greece;2019;5,952;10,30;0,891;70,9;0,614;-0,291;0,848;0,56;0,236;GR;GRC;Athens;Europe & Central Asia;23.7166;37.9792;High income;Europe
Greece;2020;5,788;10,21;0,779;71,025;0,565;-0,244;0,764;0,629;0,322;GR;GRC;Athens;Europe & Central Asia;23.7166;37.9792;High income;Europe
Greece;2021;6,104;10,29;0,85;71,15;0,574;-0,159;0,752;0,624;0,311;GR;GRC;Athens;Europe & Central Asia;23.7166;37.9792;High income;Europe
Greece;2022;5,9;10,36;0,875;71,275;0,563;-0,316;0,874;0,589;0,183;GR;GRC;Athens;Europe & Central Asia;23.7166;37.9792;High income;Europe
Guatemala;2018;6,627;9,04;0,841;62,1;0,91;-0,013;0,765;0,827;0,262;GT;GTM;Guatemala City;Latin America & Caribbean;-90.5328;14.6248;Upper middle income;North America
Guatemala;2019;6,262;9,07;0,774;62,3;0,901;-0,065;0,773;0,82;0,311;GT;GTM;Guatemala City;Latin America & Caribbean;-90.5328;14.6248;Upper middle income;North America
Guatemala;2022;6,15;9,12;0,806;62,9;0,856;-0,057;0,835;0,835;0,263;GT;GTM;Guatemala City;Latin America & Caribbean;-90.5328;14.6248;Upper middle income;North America
Guinea;2018;5,252;7,81;0,63;52,85;0,731;0,091;0,778;0,727;0,44;GN;GIN;Conakry;Sub-Saharan Africa;-13.7;9.51667;Low income;Africa
Guinea;2019;4,768;7,84;0,655;53,3;0,691;0,096;0,756;0,67;0,473;GN;GIN;Conakry;Sub-Saharan Africa;-13.7;9.51667;Low income;Africa
Guinea;2020;4,972;7,87;0,732;53,75;0,598;0,078;0,79;0,706;0,346;GN;GIN;Conakry;Sub-Saharan Africa;-13.7;9.51667;Low income;Africa
Guinea;2021;4,945;7,88;0,627;54,2;0,676;0,16;0,784;0,672;0,45;GN;GIN;Conakry;Sub-Saharan Africa;-13.7;9.51667;Low income;Africa
Guinea;2022;5,317;7,90;0,582;54,65;0,729;0,139;0,77;0,699;0,492;GN;GIN;Conakry;Sub-Saharan Africa;-13.7;9.51667;Low income;Africa
Haiti;2018;3,615;8,07;0,538;55,5;0,591;0,377;0,72;0,581;0,359;HT;HTI;Port-au-Prince;Latin America & Caribbean;-72.3288;18.5392;Lower middle income;North America
Honduras;2018;5,908;8,62;0,827;62,575;0,872;0,098;0,804;0,822;0,287;HN;HND;Tegucigalpa;Latin America & Caribbean;-87.4667;15.1333;Lower middle income;North America
Honduras;2019;5,93;8,63;0,797;63;0,846;0,062;0,815;0,789;0,279;HN;HND;Tegucigalpa;Latin America & Caribbean;-87.4667;15.1333;Lower middle income;North America
Honduras;2021;6,114;8,63;0,806;63,85;0,835;0,114;0,847;0,808;0,269;HN;HND;Tegucigalpa;Latin America & Caribbean;-87.4667;15.1333;Lower middle income;North America
Honduras;2022;5,932;8,65;0,729;64,275;0,851;0,081;0,834;0,775;0,289;HN;HND;Tegucigalpa;Latin America & Caribbean;-87.4667;15.1333;Lower middle income;North America
Hong Kong S.A.R. of China;2019;5,659;11,00;0,856;0,83;0,727;0,063;0,432;0,519;0,358;#N/D;#N/D;#N/D;#N/D;114.109497;22.396428;Upper middle income;#N/D
Hong Kong S.A.R. of China;2020;5,295;10,93;0,813;0,83;0,705;-0,074;0,38;0,522;0,21;#N/D;#N/D;#N/D;#N/D;114.109497;22.396428;Upper middle income;#N/D
Hong Kong S.A.R. of China;2021;5,322;11,00;0,821;0,83;0,669;0,022;0,39;0,534;0,224;#N/D;#N/D;#N/D;#N/D;114.109497;22.396428;Upper middle income;#N/D
Hungary;2018;5,936;10,35;0,941;67,05;0,693;-0,247;0,911;0,595;0,201;HU;HUN;Budapest;Europe & Central Asia;19.0408;47.4984;High income;Europe
Hungary;2019;6;10,39;0,947;67,2;0,798;-0,199;0,884;0,653;0,18;HU;HUN;Budapest;Europe & Central Asia;19.0408;47.4984;High income;Europe
Hungary;2020;6,038;10,35;0,943;67,35;0,771;-0,125;0,836;0,662;0,24;HU;HUN;Budapest;Europe & Central Asia;19.0408;47.4984;High income;Europe
Hungary;2021;6,227;10,42;0,948;67,5;0,727;-0,044;0,832;0,668;0,192;HU;HUN;Budapest;Europe & Central Asia;19.0408;47.4984;High income;Europe
Hungary;2022;5,861;10,48;0,937;67,65;0,776;-0,008;0,848;0,628;0,25;HU;HUN;Budapest;Europe & Central Asia;19.0408;47.4984;High income;Europe
Iceland;2019;7,533;10,95;0,982;72;0,959;0,211;0,699;0,787;0,178;IS;ISL;Reykjavik;Europe & Central Asia;-21.8952;64.1353;High income;Europe
Iceland;2020;7,575;10,86;0,983;72,025;0,949;0,153;0,644;0,808;0,172;IS;ISL;Reykjavik;Europe & Central Asia;-21.8952;64.1353;High income;Europe
Iceland;2021;7,565;10,89;0,98;72,05;0,923;0,258;0,664;0,806;0,159;IS;ISL;Reykjavik;Europe & Central Asia;-21.8952;64.1353;High income;Europe
Iceland;2022;7,449;10,94;0,985;72,075;0,936;0,222;0,692;0,768;0,178;IS;ISL;Reykjavik;Europe & Central Asia;-21.8952;64.1353;High income;Europe
India;2018;3,818;8,77;0,638;60;0,89;0,083;0,805;0,591;0,357;IN;IND;New Delhi;South Asia;77.225;28.6353;Lower middle income;Asia
India;2019;3,249;8,80;0,561;60,3;0,876;0,111;0,752;0,56;0,466;IN;IND;New Delhi;South Asia;77.225;28.6353;Lower middle income;Asia
India;2020;4,224;8,72;0,616;60,6;0,906;0,071;0,78;0,686;0,383;IN;IND;New Delhi;South Asia;77.225;28.6353;Lower middle income;Asia
India;2021;3,558;8,79;0,57;60,9;0,866;0,056;0,757;0,547;0,429;IN;IND;New Delhi;South Asia;77.225;28.6353;Lower middle income;Asia
India;2022;3,93;8,85;0,608;61,2;0,893;0,09;0,771;0,596;0,432;IN;IND;New Delhi;South Asia;77.225;28.6353;Lower middle income;Asia
Indonesia;2018;5,34;9,34;0,809;62,675;0,879;0,509;0,868;0,796;0,296;ID;IDN;Jakarta;East Asia & Pacific;106.83;-6.19752;Lower middle income;Asia
Indonesia;2019;5,347;9,38;0,802;62,8;0,866;0,552;0,861;0,8;0,302;ID;IDN;Jakarta;East Asia & Pacific;106.83;-6.19752;Lower middle income;Asia
Indonesia;2020;4,828;9,35;0,751;62,925;0,853;0,532;0,914;0,742;0,351;ID;IDN;Jakarta;East Asia & Pacific;106.83;-6.19752;Lower middle income;Asia
Indonesia;2021;5,433;9,38;0,817;63,05;0,885;0,543;0,845;0,799;0,273;ID;IDN;Jakarta;East Asia & Pacific;106.83;-6.19752;Lower middle income;Asia
Indonesia;2022;5,585;9,43;0,834;63,175;0,903;0,519;0,862;0,818;0,269;ID;IDN;Jakarta;East Asia & Pacific;106.83;-6.19752;Lower middle income;Asia
Iran;2018;4,278;9,59;0,674;66,15;0,603;0,075;0,703;0,482;0,493;0;0;0;0;51.4447;35.6878;Lower middle income;Asia
Iran;2019;5,006;9,55;0,698;66,3;0,623;0,131;0,728;0,525;0,449;0;0;0;0;51.4447;35.6878;Lower middle income;Asia
Iran;2020;4,865;9,58;0,757;66,45;0,6;0,133;0,71;0,505;0,47;0;0;0;0;51.4447;35.6878;Lower middle income;Asia
Iran;2021;4,788;9,62;0,771;66,6;0,609;0,174;0,761;0,518;0,427;0;0;0;0;51.4447;35.6878;Lower middle income;Asia
Iran;2022;4,977;9,64;0,8;66,75;0,57;0,212;0,766;0,521;0,466;0;0;0;0;51.4447;35.6878;Lower middle income;Asia
Iraq;2018;4,886;9,21;0,764;62,225;0,598;-0,067;0,887;0,552;0,482;IQ;IRQ;Baghdad;Middle East & North Africa;44.394;33.3302;Upper middle income;Asia
Iraq;2020;4,785;9,10;0,708;63,175;0,7;-0,019;0,849;0,585;0,532;IQ;IRQ;Baghdad;Middle East & North Africa;44.394;33.3302;Upper middle income;Asia
Iraq;2021;5,094;9,10;0,73;63,65;0,594;0,007;0,901;0,577;0,474;IQ;IRQ;Baghdad;Middle East & North Africa;44.394;33.3302;Upper middle income;Asia
Ireland;2018;6,962;11,33;0,938;71;0,861;0,14;0,362;0,754;0,213;IE;IRL;Dublin;Europe & Central Asia;-6.26749;53.3441;High income;Europe
Ireland;2019;7,255;11,37;0,944;71,1;0,892;0,069;0,373;0,758;0,223;IE;IRL;Dublin;Europe & Central Asia;-6.26749;53.3441;High income;Europe
Ireland;2020;7,035;11,42;0,96;71,2;0,882;0,002;0,356;0,753;0,246;IE;IRL;Dublin;Europe & Central Asia;-6.26749;53.3441;High income;Europe
Ireland;2021;6,828;11,54;0,85;71,3;0,846;0,133;0,36;0,733;0,245;IE;IRL;Dublin;Europe & Central Asia;-6.26749;53.3441;High income;Europe
Ireland;2022;6,87;11,63;0,906;71,4;0,895;0,14;0,358;0,738;0,234;IE;IRL;Dublin;Europe & Central Asia;-6.26749;53.3441;High income;Europe
Israel;2018;6,927;10,60;0,91;72,25;0,725;0,05;0,77;0,612;0,282;0;0;0;0;34.851612;31.046051;High income;Asia
Israel;2019;7,332;10,62;0,946;72,4;0,834;0,08;0,743;0,598;0,266;0;0;0;0;34.851612;31.046051;High income;Asia
Israel;2020;7,195;10,58;0,959;72,55;0,831;-0,057;0,748;0,564;0,243;0;0;0;0;34.851612;31.046051;High income;Asia
Israel;2021;7,578;10,65;0,917;72,7;0,82;-0,006;0,726;0,558;0,217;0;0;0;0;34.851612;31.046051;High income;Asia
Israel;2022;7,662;10,69;0,954;72,85;0,775;-0,005;0,655;0,583;0,183;0;0;0;0;34.851612;31.046051;High income;Asia
Italy;2018;6,517;10,65;0,913;71,825;0,65;-0,025;0,888;0,598;0,403;IT;ITA;Rome;Europe & Central Asia;12.4823;41.8955;High income;Europe
Italy;2019;6,445;10,66;0,838;71,9;0,709;-0,086;0,866;0,569;0,328;IT;ITA;Rome;Europe & Central Asia;12.4823;41.8955;High income;Europe
Italy;2020;6,488;10,57;0,89;71,975;0,718;-0,155;0,844;0,614;0,311;IT;ITA;Rome;Europe & Central Asia;12.4823;41.8955;High income;Europe
Italy;2021;6,467;10,64;0,886;72,05;0,703;-0,094;0,862;0,634;0,318;IT;ITA;Rome;Europe & Central Asia;12.4823;41.8955;High income;Europe
Italy;2022;6,258;10,69;0,869;72,125;0,711;0,028;0,819;0,624;0,298;IT;ITA;Rome;Europe & Central Asia;12.4823;41.8955;High income;Europe
Ivory Coast;2018;5,268;8,51;0,621;54,225;0,713;-0,051;0,791;0,659;0,386;0;0;0;0;-4.0305;5.332;Lower middle income;Africa
Ivory Coast;2019;5,392;8,54;0,679;54,8;0,736;-0,018;0,799;0,663;0,425;0;0;0;0;-4.0305;5.332;Lower middle income;Africa
Ivory Coast;2020;5,257;8,54;0,613;55,375;0,77;0,015;0,777;0,655;0,34;0;0;0;0;-4.0305;5.332;Lower middle income;Africa
Ivory Coast;2021;5,056;8,58;0,554;55,95;0,717;-0,002;0,716;0,626;0,345;0;0;0;0;-4.0305;5.332;Lower middle income;Africa
Ivory Coast;2022;4,849;8,61;0,536;56,525;0,713;-0,005;0,743;0,629;0,399;0;0;0;0;-4.0305;5.332;Lower middle income;Africa
Jamaica;2019;6,309;9,23;0,878;66,6;0,891;-0,143;0,885;0,722;0,195;JM;JAM;Kingston;Latin America & Caribbean;-76.792;17.9927;Upper middle income;North America
Jamaica;2020;5,425;9,13;0,87;66,6;0,865;-0,15;0,836;0,712;0,266;JM;JAM;Kingston;Latin America & Caribbean;-76.792;17.9927;Upper middle income;North America
Jamaica;2021;5,814;9,17;0,857;66,6;0,731;-0,082;0,883;0,689;0,308;JM;JAM;Kingston;Latin America & Caribbean;-76.792;17.9927;Upper middle income;North America
Jamaica;2022;5,87;9,20;0,868;66,6;0,874;-0,088;0,91;0,718;0,269;JM;JAM;Kingston;Latin America & Caribbean;-76.792;17.9927;Upper middle income;North America
Japan;2018;5,794;10,64;0,886;73,975;0,773;-0,267;0,687;0,649;0,185;JP;JPN;Tokyo;East Asia & Pacific;139.77;35.67;High income;Asia
Japan;2019;5,908;10,64;0,878;74,1;0,806;-0,259;0,617;0,693;0,194;JP;JPN;Tokyo;East Asia & Pacific;139.77;35.67;High income;Asia
Japan;2020;6,118;10,60;0,887;74,225;0,806;-0,264;0,609;0,681;0,186;JP;JPN;Tokyo;East Asia & Pacific;139.77;35.67;High income;Asia
Japan;2021;6,091;10,62;0,896;74,35;0,801;-0,211;0,67;0,674;0,189;JP;JPN;Tokyo;East Asia & Pacific;139.77;35.67;High income;Asia
Japan;2022;6,178;10,64;0,899;74,475;0,789;-0,235;0,643;0,67;0,165;JP;JPN;Tokyo;East Asia & Pacific;139.77;35.67;High income;Asia
Jordan;2018;4,639;9,17;0,8;67,6;0,762;-0,187;0,6855;0,5005;0,432;JO;JOR;Amman;Middle East & North Africa;35.9263;31.9497;Upper middle income;Asia
Jordan;2019;4,453;9,16;0,793;67,6;0,726;-0,165;0,6855;0,5005;0,432;JO;JOR;Amman;Middle East & North Africa;35.9263;31.9497;Upper middle income;Asia
Jordan;2020;4,094;9,13;0,709;67,6;0,779;-0,151;0,6855;0,5005;0,432;JO;JOR;Amman;Middle East & North Africa;35.9263;31.9497;Upper middle income;Asia
Jordan;2021;3,909;9,13;0,703;67,6;0,773;-0,146;0,656;0,48;0,429;JO;JOR;Amman;Middle East & North Africa;35.9263;31.9497;Upper middle income;Asia
Jordan;2022;4,356;9,13;0,774;67,6;0,759;-0,153;0,715;0,521;0,435;JO;JOR;Amman;Middle East & North Africa;35.9263;31.9497;Upper middle income;Asia
Kazakhstan;2018;6,008;10,15;0,937;64,6;0,84;-0,102;0,824;0,611;0,162;KZ;KAZ;Astana;Europe & Central Asia;71.4382;51.1879;Upper middle income;Asia
Kazakhstan;2019;6,272;10,18;0,951;65;0,852;-0,059;0,708;0,711;0,139;KZ;KAZ;Astana;Europe & Central Asia;71.4382;51.1879;Upper middle income;Asia
Kazakhstan;2020;6,168;10,14;0,966;65,4;0,872;-0,06;0,661;0,62;0,15;KZ;KAZ;Astana;Europe & Central Asia;71.4382;51.1879;Upper middle income;Asia
Kazakhstan;2021;6,26;10,17;0,906;65,8;0,807;0,036;0,782;0,663;0,122;KZ;KAZ;Astana;Europe & Central Asia;71.4382;51.1879;Upper middle income;Asia
Kazakhstan;2022;6,006;10,19;0,923;66,2;0,883;0,022;0,72;0,652;0,132;KZ;KAZ;Astana;Europe & Central Asia;71.4382;51.1879;Upper middle income;Asia
Kenya;2018;4,656;8,40;0,707;57,3;0,821;0,285;0,844;0,747;0,237;KE;KEN;Nairobi;Sub-Saharan Africa;36.8126;-1.27975;Lower middle income;Africa
Kenya;2019;4,619;8,43;0,676;57,7;0,818;0,303;0,794;0,728;0,251;KE;KEN;Nairobi;Sub-Saharan Africa;36.8126;-1.27975;Lower middle income;Africa
Kenya;2020;4,547;8,41;0,674;58,1;0,702;0,254;0,837;0,738;0,297;KE;KEN;Nairobi;Sub-Saharan Africa;36.8126;-1.27975;Lower middle income;Africa
Kenya;2021;4,465;8,47;0,702;58,5;0,678;0,316;0,841;0,745;0,253;KE;KEN;Nairobi;Sub-Saharan Africa;36.8126;-1.27975;Lower middle income;Africa
Kenya;2022;4,448;8,50;0,691;58,9;0,706;0,294;0,878;0,725;0,281;KE;KEN;Nairobi;Sub-Saharan Africa;36.8126;-1.27975;Lower middle income;Africa
Kosovo;2018;6,392;9,28;0,822;0,8388;0,89;0,267;0,922;0,642;0,17;XK;XKX;Pristina;Europe & Central Asia;20.926;42.565;Upper middle income;Europe
Kosovo;2019;6,425;9,33;0,843;0,8388;0,841;0,244;0,92;0,612;0,141;XK;XKX;Pristina;Europe & Central Asia;20.926;42.565;Upper middle income;Europe
Kosovo;2020;6,294;9,28;0,792;0,8388;0,88;0,304;0,91;0,593;0,201;XK;XKX;Pristina;Europe & Central Asia;20.926;42.565;Upper middle income;Europe
Kosovo;2021;6,648;9,38;0,849;0,8388;0,84;0,261;0,842;0,578;0,116;XK;XKX;Pristina;Europe & Central Asia;20.926;42.565;Upper middle income;Europe
Kosovo;2022;6,16;9,42;0,888;0,8388;0,865;0,211;0,846;0,549;0,142;XK;XKX;Pristina;Europe & Central Asia;20.926;42.565;Upper middle income;Europe
Kuwait;2019;6,106;10,77;0,842;70,1;0,867;-0,105;0,7449;0,643;0,303;KW;KWT;Kuwait City;Middle East & North Africa;47.9824;29.3721;High income;Asia
Kyrgyzstan;2018;5,297;8,54;0,898;65,275;0,945;0,265;0,907;0,617;0,203;0;0;0;0;74.6057;42.8851;Lower middle income;Asia
Kyrgyzstan;2019;5,685;8,57;0,877;65,8;0,92;-0,005;0,885;0,625;0,207;0;0;0;0;74.6057;42.8851;Lower middle income;Asia
Kyrgyzstan;2020;6,25;8,46;0,902;66,325;0,935;0,104;0,931;0,672;0,258;0;0;0;0;74.6057;42.8851;Lower middle income;Asia
Kyrgyzstan;2021;5,564;8,48;0,904;66,85;0,918;0,203;0,903;0,66;0,226;0;0;0;0;74.6057;42.8851;Lower middle income;Asia
Kyrgyzstan;2022;5,668;8,52;0,927;67,375;0,948;0,236;0,876;0,646;0,204;0;0;0;0;74.6057;42.8851;Lower middle income;Asia
Laos;2018;4,859;8,93;0,705;60,2;0,907;0,139;0,634;0,711;0,332;0;0;0;0;102.495496;19.85627;Lower middle income;Asia
Laos;2019;5,197;8,97;0,729;60,5;0,906;0,058;0,62;0,718;0,306;0;0;0;0;102.495496;19.85627;Lower middle income;Asia
Laos;2020;5,284;8,96;0,66;60,8;0,915;0,139;0,748;0,714;0,358;0;0;0;0;102.495496;19.85627;Lower middle income;Asia
Laos;2021;4,927;8,97;0,65;61,1;0,927;0,04;0,668;0,702;0,292;0;0;0;0;102.495496;19.85627;Lower middle income;Asia
Latvia;2018;5,901;10,31;0,913;66,1;0,608;-0,216;0,799;0,521;0,192;LV;LVA;Riga;Europe & Central Asia;24.1048;56.9465;High income;Europe
Latvia;2019;5,97;10,34;0,936;66,2;0,698;-0,198;0,789;0,537;0,212;LV;LVA;Riga;Europe & Central Asia;24.1048;56.9465;High income;Europe
Latvia;2020;6,229;10,33;0,928;66,3;0,82;-0,084;0,809;0,674;0,202;LV;LVA;Riga;Europe & Central Asia;24.1048;56.9465;High income;Europe
Latvia;2021;6,353;10,38;0,954;66,4;0,815;-0,102;0,84;0,716;0,186;LV;LVA;Riga;Europe & Central Asia;24.1048;56.9465;High income;Europe
Latvia;2022;6,055;10,41;0,928;66,5;0,817;0,019;0,844;0,632;0,161;LV;LVA;Riga;Europe & Central Asia;24.1048;56.9465;High income;Europe
Lebanon;2018;5,167;9,80;0,829;65,925;0,607;-0,079;0,907;0,415;0,271;LB;LBN;Beirut;Middle East & North Africa;35.5134;33.8872;Lower middle income;Asia
Lebanon;2019;4,024;9,75;0,866;66;0,447;-0,096;0,89;0,308;0,494;LB;LBN;Beirut;Middle East & North Africa;35.5134;33.8872;Lower middle income;Asia
Lebanon;2020;2,634;9,53;0,547;66,075;0,552;-0,136;0,884;0,352;0,482;LB;LBN;Beirut;Middle East & North Africa;35.5134;33.8872;Lower middle income;Asia
Lebanon;2021;2,179;9,47;0,507;66,15;0,423;-0,161;0,905;0,263;0,569;LB;LBN;Beirut;Middle East & North Africa;35.5134;33.8872;Lower middle income;Asia
Lebanon;2022;2,352;9,43;0,535;66,225;0,45;-0,126;0,883;0,298;0,43;LB;LBN;Beirut;Middle East & North Africa;35.5134;33.8872;Lower middle income;Asia
Lesotho;2019;3,512;7,84;0,79;44,2;0,716;-0,126;0,915;0,707;0,273;LS;LSO;Maseru;Sub-Saharan Africa;27.7167;-29.5208;Lower middle income;Africa
Liberia;2018;4,135;7,33;0,727;54,3;0,766;0,047;0,868;0,664;0,436;LR;LBR;Monrovia;Sub-Saharan Africa;-10.7957;6.30039;Low income;Africa
Liberia;2019;5,121;7,28;0,712;54,9;0,706;0,048;0,828;0,645;0,389;LR;LBR;Monrovia;Sub-Saharan Africa;-10.7957;6.30039;Low income;Africa
Liberia;2022;4,042;7,28;0,597;56,7;0,732;0,154;0,828;0,637;0,439;LR;LBR;Monrovia;Sub-Saharan Africa;-10.7957;6.30039;Low income;Africa
Libya;2018;5,494;10,16;0,824;64,975;0,781;-0,143;0,646;0,635;0,399;LY;LBY;Tripoli;Middle East & North Africa;13.1072;32.8578;Upper middle income;Africa
Libya;2019;5,33;10,02;0,827;65,2;0,762;-0,105;0,686;0,629;0,401;LY;LBY;Tripoli;Middle East & North Africa;13.1072;32.8578;Upper middle income;Africa
Lithuania;2018;6,309;10,48;0,929;66,35;0,699;-0,241;0,852;0,518;0,214;LT;LTU;Vilnius;Europe & Central Asia;25.2799;54.6896;High income;Europe
Lithuania;2019;6,064;10,52;0,918;66,7;0,78;-0,256;0,783;0,568;0,276;LT;LTU;Vilnius;Europe & Central Asia;25.2799;54.6896;High income;Europe
Lithuania;2020;6,391;10,52;0,953;67,05;0,824;-0,127;0,829;0,626;0,202;LT;LTU;Vilnius;Europe & Central Asia;25.2799;54.6896;High income;Europe
Lithuania;2021;6,865;10,58;0,928;67,4;0,707;-0,119;0,878;0,667;0,191;LT;LTU;Vilnius;Europe & Central Asia;25.2799;54.6896;High income;Europe
Lithuania;2022;7,038;10,60;0,937;67,75;0,71;-0,191;0,685;0,471;0,132;LT;LTU;Vilnius;Europe & Central Asia;25.2799;54.6896;High income;Europe
Luxembourg;2018;7,243;11,65;0,902;71,575;0,884;-0,027;0,385;0,715;0,202;LU;LUX;Luxembourg;Europe & Central Asia;6.1296;49.61;High income;Europe
Luxembourg;2019;7,404;11,65;0,912;71,6;0,93;-0,05;0,39;0,742;0,212;LU;LUX;Luxembourg;Europe & Central Asia;6.1296;49.61;High income;Europe
Luxembourg;2022;7,228;11,66;0,878;71,675;0,915;0,024;0,345;0,718;0,218;LU;LUX;Luxembourg;Europe & Central Asia;6.1296;49.61;High income;Europe
Madagascar;2018;4,071;7,35;0,666;57,05;0,551;0,004;0,889;0,723;0,362;MG;MDG;Antananarivo;Sub-Saharan Africa;45.7167;-20.4667;Low income;Africa
Madagascar;2019;4,339;7,37;0,701;57,3;0,55;-0,011;0,72;0,699;0,304;MG;MDG;Antananarivo;Sub-Saharan Africa;45.7167;-20.4667;Low income;Africa
Madagascar;2022;4,019;7,29;0,642;58,05;0,523;0,075;0,74;0,687;0,345;MG;MDG;Antananarivo;Sub-Saharan Africa;45.7167;-20.4667;Low income;Africa
Malawi;2018;3,335;7,30;0,528;56,55;0,799;0,046;0,766;0,548;0,365;MW;MWI;Lilongwe;Sub-Saharan Africa;33.7703;-13.9899;Low income;Africa
Malawi;2019;3,869;7,33;0,549;57,1;0,765;-0,023;0,68;0,517;0,348;MW;MWI;Lilongwe;Sub-Saharan Africa;33.7703;-13.9899;Low income;Africa
Malawi;2021;3,635;7,31;0,558;58,2;0,757;-0,01;0,74;0,551;0,326;MW;MWI;Lilongwe;Sub-Saharan Africa;33.7703;-13.9899;Low income;Africa
Malawi;2022;3,356;7,30;0,503;58,75;0,744;0,02;0,755;0,536;0,329;MW;MWI;Lilongwe;Sub-Saharan Africa;33.7703;-13.9899;Low income;Africa
Malaysia;2018;5,339;10,20;0,789;65,725;0,875;0,125;0,894;0,716;0,2;MY;MYS;Kuala Lumpur;East Asia & Pacific;101.684;3.12433;Upper middle income;Asia
Malaysia;2019;5,428;10,23;0,842;65,7;0,916;0,121;0,782;0,735;0,176;MY;MYS;Kuala Lumpur;East Asia & Pacific;101.684;3.12433;Upper middle income;Asia
Malaysia;2020;6,014;10,16;0,797;65,675;0,878;0,098;0,747;0,721;0,288;MY;MYS;Kuala Lumpur;East Asia & Pacific;101.684;3.12433;Upper middle income;Asia
Malaysia;2021;6,01;10,18;0,794;65,65;0,878;0,22;0,769;0,728;0,183;MY;MYS;Kuala Lumpur;East Asia & Pacific;101.684;3.12433;Upper middle income;Asia
Maldives;2018;5,198;9,89;0,913;69,775;0,855;0,016;0,7449;0,609;0,29;MV;MDV;Male;South Asia;73.5109;4.1742;Upper middle income;Asia
Mali;2018;4,416;7,69;0,692;54,2;0,737;-0,032;0,793;0,689;0,37;ML;MLI;Bamako;Sub-Saharan Africa;-7.50034;13.5667;Low income;Africa
Mali;2019;4,988;7,71;0,755;54,6;0,67;-0,036;0,846;0,646;0,358;ML;MLI;Bamako;Sub-Saharan Africa;-7.50034;13.5667;Low income;Africa
Mali;2020;4,269;7,66;0,568;55;0,645;-0,065;0,895;0,648;0,44;ML;MLI;Bamako;Sub-Saharan Africa;-7.50034;13.5667;Low income;Africa
Mali;2021;4,113;7,66;0,573;55,4;0,673;0;0,902;0,64;0,438;ML;MLI;Bamako;Sub-Saharan Africa;-7.50034;13.5667;Low income;Africa
Mali;2022;4,211;7,65;0,642;55,8;0,818;-0,019;0,746;0,655;0,408;ML;MLI;Bamako;Sub-Saharan Africa;-7.50034;13.5667;Low income;Africa
Malta;2018;6,91;10,71;0,932;71,45;0,927;0,172;0,595;0,666;0,296;MT;MLT;Valletta;Middle East & North Africa;14.5189;35.9042;High income;Europe
Malta;2019;6,733;10,72;0,922;71,5;0,924;0,08;0,689;0,642;0,356;MT;MLT;Valletta;Middle East & North Africa;14.5189;35.9042;High income;Europe
Malta;2020;6,157;10,62;0,938;71,55;0,931;-0,003;0,675;0,576;0,411;MT;MLT;Valletta;Middle East & North Africa;14.5189;35.9042;High income;Europe
Malta;2021;6,444;10,71;0,897;71,6;0,889;0,242;0,753;0,635;0,375;MT;MLT;Valletta;Middle East & North Africa;14.5189;35.9042;High income;Europe
Malta;2022;6,299;10,69;0,932;71,65;0,838;0,12275;0,758;0,671;0,37;MT;MLT;Valletta;Middle East & North Africa;14.5189;35.9042;High income;Europe
Mauritania;2018;4,314;8,59;0,802;59,575;0,467;-0,119;0,711;0,665;0,276;MR;MRT;Nouakchott;Sub-Saharan Africa;-15.9824;18.2367;Lower middle income;Africa
Mauritania;2019;4,153;8,61;0,798;59,8;0,628;-0,108;0,743;0,686;0,26;MR;MRT;Nouakchott;Sub-Saharan Africa;-15.9824;18.2367;Lower middle income;Africa
Mauritania;2022;4,724;8,59;0,648;60,475;0,624;-0,013;0,657;0,631;0,389;MR;MRT;Nouakchott;Sub-Saharan Africa;-15.9824;18.2367;Lower middle income;Africa
Mauritius;2018;5,882;10,04;0,909;63,925;0,867;-0,079;0,785;0,71;0,158;MU;MUS;Port Louis;Sub-Saharan Africa;57.4977;-20.1605;Upper middle income;Africa
Mauritius;2019;6,241;10,07;0,913;63,9;0,893;-0,059;0,81;0,735;0,149;MU;MUS;Port Louis;Sub-Saharan Africa;57.4977;-20.1605;Upper middle income;Africa
Mauritius;2020;6,015;9,92;0,893;63,875;0,843;-0,036;0,772;0,7;0,138;MU;MUS;Port Louis;Sub-Saharan Africa;57.4977;-20.1605;Upper middle income;Africa
Mauritius;2021;5,949;9,95;0,887;63,85;0,802;-0,011;0,784;0,666;0,136;MU;MUS;Port Louis;Sub-Saharan Africa;57.4977;-20.1605;Upper middle income;Africa
Mauritius;2022;5,741;10,01;0,887;63,825;0,798;-0,038;0,769;0,725;0,168;MU;MUS;Port Louis;Sub-Saharan Africa;57.4977;-20.1605;Upper middle income;Africa
Mexico;2018;6,55;9,92;0,858;65,8;0,816;-0,184;0,809;0,815;0,213;MX;MEX;Mexico City;Latin America & Caribbean;-99.1276;19.427;Upper middle income;North America
Mexico;2019;6,432;9,91;0,852;65,8;0,903;-0,146;0,809;0,803;0,252;MX;MEX;Mexico City;Latin America & Caribbean;-99.1276;19.427;Upper middle income;North America
Mexico;2020;5,964;9,82;0,779;65,8;0,873;-0,125;0,778;0,745;0,292;MX;MEX;Mexico City;Latin America & Caribbean;-99.1276;19.427;Upper middle income;North America
Mexico;2021;5,991;9,86;0,779;65,8;0,837;-0,035;0,745;0,75;0,305;MX;MEX;Mexico City;Latin America & Caribbean;-99.1276;19.427;Upper middle income;North America
Mexico;2022;7,038;9,88;0,858;65,8;0,861;-0,121;0,78;0,818;0,205;MX;MEX;Mexico City;Latin America & Caribbean;-99.1276;19.427;Upper middle income;North America
Moldova;2018;5,682;9,42;0,892;64,1;0,824;-0,088;0,929;0,584;0,27;MD;MDA;Chisinau;Europe & Central Asia;28.8497;47.0167;Upper middle income;Europe
Moldova;2019;5,803;9,48;0,809;64,5;0,784;-0,096;0,884;0,6;0,262;MD;MDA;Chisinau;Europe & Central Asia;28.8497;47.0167;Upper middle income;Europe
Moldova;2020;5,812;9,41;0,874;64,9;0,859;-0,058;0,941;0,698;0,268;MD;MDA;Chisinau;Europe & Central Asia;28.8497;47.0167;Upper middle income;Europe
Moldova;2021;5,959;9,55;0,88;65,3;0,833;-0,096;0,875;0,63;0,27;MD;MDA;Chisinau;Europe & Central Asia;28.8497;47.0167;Upper middle income;Europe
Moldova;2022;5,687;9,54;0,817;65,7;0,829;-0,087;0,885;0,552;0,276;MD;MDA;Chisinau;Europe & Central Asia;28.8497;47.0167;Upper middle income;Europe
Mongolia;2018;5,465;9,40;0,942;60,2;0,696;0,05;0,849;0,525;0,192;MN;MNG;Ulaanbaatar;East Asia & Pacific;106.937;47.9129;Lower middle income;Asia
Mongolia;2019;5,563;9,43;0,946;60,3;0,711;0,145;0,873;0,562;0,167;MN;MNG;Ulaanbaatar;East Asia & Pacific;106.937;47.9129;Lower middle income;Asia
Mongolia;2020;6,011;9,37;0,918;60,4;0,718;0,14;0,843;0,575;0,26;MN;MNG;Ulaanbaatar;East Asia & Pacific;106.937;47.9129;Lower middle income;Asia
Mongolia;2021;5,721;9,37;0,927;60,5;0,667;0,217;0,851;0,56;0,202;MN;MNG;Ulaanbaatar;East Asia & Pacific;106.937;47.9129;Lower middle income;Asia
Mongolia;2022;5,788;9,39;0,951;60,6;0,717;0,214;0,847;0,55;0,209;MN;MNG;Ulaanbaatar;East Asia & Pacific;106.937;47.9129;Lower middle income;Asia
Montenegro;2018;5,65;9,94;0,856;66,9;0,626;-0,055;0,769;0,527;0,355;ME;MNE;Podgorica;Europe & Central Asia;19.2595;42.4602;Upper middle income;Europe
Montenegro;2019;5,386;9,98;0,832;67;0,694;-0,109;0,82;0,547;0,366;ME;MNE;Podgorica;Europe & Central Asia;19.2595;42.4602;Upper middle income;Europe
Montenegro;2020;5,722;9,81;0,887;67,1;0,802;0,063;0,845;0,56;0,411;ME;MNE;Podgorica;Europe & Central Asia;19.2595;42.4602;Upper middle income;Europe
Morocco;2018;4,897;9,00;0,554;63,6;0,773;-0,243;0,843;0,575;0,416;MA;MAR;Rabat;Middle East & North Africa;-6.8704;33.9905;Lower middle income;Africa
Morocco;2019;5,057;9,01;0,535;63,7;0,757;-0,253;0,757;0,535;0,41;MA;MAR;Rabat;Middle East & North Africa;-6.8704;33.9905;Lower middle income;Africa
Morocco;2020;4,803;8,93;0,553;63,8;0,819;-0,235;0,803;0,548;0,256;MA;MAR;Rabat;Middle East & North Africa;-6.8704;33.9905;Lower middle income;Africa
Morocco;2021;5,326;8,99;0,505;63,9;0,762;-0,202;0,817;0,554;0,341;MA;MAR;Rabat;Middle East & North Africa;-6.8704;33.9905;Lower middle income;Africa
Morocco;2022;4,596;9,00;0,564;64;0,795;-0,254;0,802;0,573;0,414;MA;MAR;Rabat;Middle East & North Africa;-6.8704;33.9905;Lower middle income;Africa
Mozambique;2018;4,654;7,17;0,738;49,95;0,897;0,047;0,691;0,62;0,397;MZ;MOZ;Maputo;Sub-Saharan Africa;32.5713;-25.9664;Low income;Africa
Mozambique;2019;4,932;7,16;0,742;50,4;0,87;0,071;0,682;0,588;0,384;MZ;MOZ;Maputo;Sub-Saharan Africa;32.5713;-25.9664;Low income;Africa
Mozambique;2021;5,178;7,11;0,664;51,3;0,838;0,046;0,627;0,576;0,383;MZ;MOZ;Maputo;Sub-Saharan Africa;32.5713;-25.9664;Low income;Africa
Mozambique;2022;4,74;7,12;0,711;51,75;0,884;0,047;0,688;0,629;0,351;MZ;MOZ;Maputo;Sub-Saharan Africa;32.5713;-25.9664;Low income;Africa
Myanmar;2018;4,411;8,42;0,774;60,575;0,906;0,495;0,647;0,64;0,3;MM;MMR;Naypyidaw;East Asia & Pacific;95.9562;21.914;Lower middle income;Asia
Myanmar;2019;4,434;8,48;0,763;60,9;0,899;0,563;0,682;0,638;0,286;MM;MMR;Naypyidaw;East Asia & Pacific;95.9562;21.914;Lower middle income;Asia
Myanmar;2020;4,431;8,51;0,796;61,225;0,825;0,471;0,647;0,7;0,289;MM;MMR;Naypyidaw;East Asia & Pacific;95.9562;21.914;Lower middle income;Asia
Myanmar;2021;4,314;8,30;0,78;61,55;0,631;0,511;0,671;0,636;0,268;MM;MMR;Naypyidaw;East Asia & Pacific;95.9562;21.914;Lower middle income;Asia
Namibia;2018;4,834;9,24;0,864;55,725;0,754;-0,174;0,846;0,696;0,24;0;NAM;Windhoek;Sub-Saharan Africa;17.0931;-22.5648;Upper middle income;Africa
Namibia;2019;4,436;9,21;0,845;56,1;0,739;-0,179;0,879;0,644;0,256;0;NAM;Windhoek;Sub-Saharan Africa;17.0931;-22.5648;Upper middle income;Africa
Namibia;2020;4,451;9,11;0,741;56,475;0,666;-0,107;0,81;0,652;0,248;0;NAM;Windhoek;Sub-Saharan Africa;17.0931;-22.5648;Upper middle income;Africa
Namibia;2021;4,491;9,12;0,808;56,85;0,659;-0,15;0,829;0,644;0,23;0;NAM;Windhoek;Sub-Saharan Africa;17.0931;-22.5648;Upper middle income;Africa
Namibia;2022;4,949;9,13;0,808;57,225;0,683;-0,12;0,849;0,676;0,261;0;NAM;Windhoek;Sub-Saharan Africa;17.0931;-22.5648;Upper middle income;Africa
Nepal;2018;4,91;8,22;0,768;61,025;0,77;0,11;0,742;0,457;0,387;NP;NPL;Kathmandu;South Asia;85.3157;27.6939;Lower middle income;Asia
Nepal;2019;5,449;8,27;0,772;61,3;0,79;0,155;0,712;0,444;0,357;NP;NPL;Kathmandu;South Asia;85.3157;27.6939;Lower middle income;Asia
Nepal;2020;5,982;8,23;0,787;61,575;0,772;0,138;0,812;0,48;0,337;NP;NPL;Kathmandu;South Asia;85.3157;27.6939;Lower middle income;Asia
Nepal;2021;4,622;8,25;0,699;61,85;0,818;0,147;0,77;0,414;0,354;NP;NPL;Kathmandu;South Asia;85.3157;27.6939;Lower middle income;Asia
Nepal;2022;5,474;8,29;0,753;62,125;0,844;0,153;0,76;0,473;0,342;NP;NPL;Kathmandu;South Asia;85.3157;27.6939;Lower middle income;Asia
Netherlands;2018;7,463;10,93;0,939;71,325;0,92;0,158;0,371;0,748;0,205;NL;NLD;Amsterdam;Europe & Central Asia;4.89095;52.3738;High income;Europe
Netherlands;2019;7,425;10,95;0,941;71,4;0,886;0,209;0,36;0,728;0,231;NL;NLD;Amsterdam;Europe & Central Asia;4.89095;52.3738;High income;Europe
Netherlands;2020;7,504;10,90;0,944;71,475;0,935;0,147;0,281;0,691;0,247;NL;NLD;Amsterdam;Europe & Central Asia;4.89095;52.3738;High income;Europe
Netherlands;2021;7,314;10,94;0,919;71,55;0,856;0,267;0,397;0,714;0,201;NL;NLD;Amsterdam;Europe & Central Asia;4.89095;52.3738;High income;Europe
Netherlands;2022;7,39;10,98;0,929;71,625;0,868;0,224;0,459;0,711;0,198;NL;NLD;Amsterdam;Europe & Central Asia;4.89095;52.3738;High income;Europe
New Zealand;2018;7,37;10,67;0,954;70,125;0,949;0,115;0,207;0,785;0,168;NZ;NZL;Wellington;East Asia & Pacific;174.776;-41.2865;High income;Oceania
New Zealand;2019;7,205;10,67;0,939;70,2;0,912;0,152;0,234;0,765;0,191;NZ;NZL;Wellington;East Asia & Pacific;174.776;-41.2865;High income;Oceania
New Zealand;2020;7,257;10,64;0,952;70,275;0,918;0,118;0,283;0,796;0,209;NZ;NZL;Wellington;East Asia & Pacific;174.776;-41.2865;High income;Oceania
New Zealand;2021;7,137;10,67;0,95;70,35;0,91;0,219;0,252;0,747;0,206;NZ;NZL;Wellington;East Asia & Pacific;174.776;-41.2865;High income;Oceania
New Zealand;2022;6,975;10,68;0,956;70,425;0,831;0,187;0,281;0,706;0,21;NZ;NZL;Wellington;East Asia & Pacific;174.776;-41.2865;High income;Oceania
Nicaragua;2018;5,819;8,64;0,854;65,425;0,797;0,007;0,713;0,743;0,408;NI;NIC;Managua;Latin America & Caribbean;-86.2734;12.1475;Lower middle income;North America
Nicaragua;2019;6,113;8,59;0,874;65,5;0,883;0,028;0,622;0,79;0,337;NI;NIC;Managua;Latin America & Caribbean;-86.2734;12.1475;Lower middle income;North America
Nicaragua;2020;6,287;8,55;0,856;65,575;0,818;0,04;0,631;0,775;0,316;NI;NIC;Managua;Latin America & Caribbean;-86.2734;12.1475;Lower middle income;North America
Nicaragua;2021;6,095;8,64;0,848;65,65;0,905;0,023;0,675;0,799;0,293;NI;NIC;Managua;Latin America & Caribbean;-86.2734;12.1475;Lower middle income;North America
Nicaragua;2022;6,392;8,66;0,844;65,725;0,914;-0,001;0,57;0,787;0,339;NI;NIC;Managua;Latin America & Caribbean;-86.2734;12.1475;Lower middle income;North America
Niger;2018;5,164;7,08;0,612;55,15;0,791;0,008;0,637;0,759;0,503;NE;NER;Niamey;Sub-Saharan Africa;2.1073;13.514;Low income;Africa
Niger;2019;5,004;7,11;0,677;55,5;0,831;0,025;0,729;0,794;0,304;NE;NER;Niamey;Sub-Saharan Africa;2.1073;13.514;Low income;Africa
Niger;2022;4,501;7,09;0,587;56,55;0,793;0,032;0,74;0,787;0,366;NE;NER;Niamey;Sub-Saharan Africa;2.1073;13.514;Low income;Africa
Nigeria;2018;5,252;8,54;0,741;54,075;0,79;-0,012;0,866;0,762;0,256;NG;NGA;Abuja;Sub-Saharan Africa;7.48906;9.05804;Lower middle income;Africa
Nigeria;2019;4,266;8,53;0,735;54,4;0,746;0,022;0,873;0,698;0,229;NG;NGA;Abuja;Sub-Saharan Africa;7.48906;9.05804;Lower middle income;Africa
Nigeria;2020;5,503;8,49;0,739;54,725;0,713;0,097;0,913;0,737;0,316;NG;NGA;Abuja;Sub-Saharan Africa;7.48906;9.05804;Lower middle income;Africa
Nigeria;2021;4,479;8,50;0,742;55,05;0,726;0,05;0,912;0,666;0,188;NG;NGA;Abuja;Sub-Saharan Africa;7.48906;9.05804;Lower middle income;Africa
North Macedonia;2018;5,24;9,69;0,849;65,9;0,745;-0,046;0,91;0,512;0,298;MK;MKD;Skopje;Europe & Central Asia;21.4361;42.0024;Upper middle income;Europe
North Macedonia;2019;5,015;9,73;0,815;66,1;0,725;0,02;0,923;0,515;0,304;MK;MKD;Skopje;Europe & Central Asia;21.4361;42.0024;Upper middle income;Europe
North Macedonia;2020;5,054;9,67;0,75;66,3;0,787;0,13;0,877;0,542;0,365;MK;MKD;Skopje;Europe & Central Asia;21.4361;42.0024;Upper middle income;Europe
North Macedonia;2021;5,535;9,71;0,809;66,5;0,793;0,191;0,884;0,563;0,303;MK;MKD;Skopje;Europe & Central Asia;21.4361;42.0024;Upper middle income;Europe
North Macedonia;2022;5,167;9,73;0,85;66,7;0,723;0,072;0,937;0,555;0,277;MK;MKD;Skopje;Europe & Central Asia;21.4361;42.0024;Upper middle income;Europe
Norway;2018;7,444;11,07;0,966;71,35;0,96;0,088;0,268;0,786;0,212;NO;NOR;Oslo;Europe & Central Asia;10.7387;59.9138;High income;Europe
Norway;2019;7,442;11,07;0,942;71,4;0,954;0,105;0,271;0,782;0,195;NO;NOR;Oslo;Europe & Central Asia;10.7387;59.9138;High income;Europe
Norway;2020;7,29;11,06;0,956;71,45;0,965;0,069;0,271;0,777;0,216;NO;NOR;Oslo;Europe & Central Asia;10.7387;59.9138;High income;Europe
Norway;2021;7,362;11,09;0,948;71,5;0,936;0,168;0,263;0,769;0,207;NO;NOR;Oslo;Europe & Central Asia;10.7387;59.9138;High income;Europe
Norway;2022;7,295;11,11;0,927;71,55;0,939;0,185;0,314;0,759;0,211;NO;NOR;Oslo;Europe & Central Asia;10.7387;59.9138;High income;Europe
Pakistan;2018;5,472;8,54;0,685;56,625;0,773;0,061;0,799;0,47;0,377;PK;PAK;Islamabad;South Asia;72.8;30.5167;Lower middle income;Asia
Pakistan;2019;4,443;8,55;0,617;56,9;0,685;0,115;0,776;0,489;0,424;PK;PAK;Islamabad;South Asia;72.8;30.5167;Lower middle income;Asia
Pakistan;2020;4,624;8,52;0,594;57,175;0,767;0,006;0,833;0,47;0,376;PK;PAK;Islamabad;South Asia;72.8;30.5167;Lower middle income;Asia
Pakistan;2021;4,487;8,56;0,608;57,45;0,764;0,01;0,743;0,518;0,307;PK;PAK;Islamabad;South Asia;72.8;30.5167;Lower middle income;Asia
Panama;2018;6,281;10,35;0,904;68,6;0,861;-0,135;0,837;0,841;0,223;PA;PAN;Panama City;Latin America & Caribbean;-79.5188;8.99427;High income;North America
Panama;2019;6,086;10,36;0,886;68,7;0,883;-0,203;0,869;0,841;0,244;PA;PAN;Panama City;Latin America & Caribbean;-79.5188;8.99427;High income;North America
Panama;2021;6,553;10,28;0,899;68,9;0,811;-0,146;0,861;0,834;0,218;PA;PAN;Panama City;Latin America & Caribbean;-79.5188;8.99427;High income;North America
Panama;2022;5,979;10,33;0,891;69;0,899;-0,121;0,887;0,821;0,259;PA;PAN;Panama City;Latin America & Caribbean;-79.5188;8.99427;High income;North America
Paraguay;2019;5,653;9,52;0,892;65,8;0,876;0,02;0,882;0,79;0,275;PY;PRY;Asuncion;Latin America & Caribbean;-57.6362;-25.3005;Upper middle income;South America
Paraguay;2020;5,501;9,50;0,907;65,85;0,865;0,056;0,829;0,767;0,269;PY;PRY;Asuncion;Latin America & Caribbean;-57.6362;-25.3005;Upper middle income;South America
Paraguay;2021;5,576;9,52;0,908;65,9;0,888;0,017;0,857;0,806;0,248;PY;PRY;Asuncion;Latin America & Caribbean;-57.6362;-25.3005;Upper middle income;South America
Paraguay;2022;6,138;9,51;0,899;65,95;0,922;-0,011;0,839;0,821;0,238;PY;PRY;Asuncion;Latin America & Caribbean;-57.6362;-25.3005;Upper middle income;South America
Peru;2018;5,68;9,45;0,845;69,325;0,83;-0,181;0,906;0,783;0,38;PE;PER;Lima;Latin America & Caribbean;-77.0465;-12.0931;Upper middle income;South America
Peru;2019;5,999;9,45;0,809;69,5;0,815;-0,132;0,874;0,794;0,375;PE;PER;Lima;Latin America & Caribbean;-77.0465;-12.0931;Upper middle income;South America
Peru;2020;4,994;9,32;0,749;69,675;0,806;-0,091;0,912;0,736;0,481;PE;PER;Lima;Latin America & Caribbean;-77.0465;-12.0931;Upper middle income;South America
Peru;2021;5,694;9,44;0,819;69,85;0,812;-0,087;0,88;0,784;0,369;PE;PER;Lima;Latin America & Caribbean;-77.0465;-12.0931;Upper middle income;South America
Peru;2022;5,892;9,45;0,823;70,025;0,764;-0,178;0,884;0,755;0,378;PE;PER;Lima;Latin America & Caribbean;-77.0465;-12.0931;Upper middle income;South America
Philippines;2018;5,869;9,03;0,846;61,975;0,918;-0,11;0,726;0,756;0,393;PH;PHL;Manila;East Asia & Pacific;121.035;14.5515;Lower middle income;Asia
Philippines;2019;6,268;9,08;0,845;62;0,91;-0,084;0,748;0,765;0,341;PH;PHL;Manila;East Asia & Pacific;121.035;14.5515;Lower middle income;Asia
Philippines;2020;5,08;8,96;0,781;62,025;0,932;-0,111;0,744;0,793;0,327;PH;PHL;Manila;East Asia & Pacific;121.035;14.5515;Lower middle income;Asia
Philippines;2021;5,965;9,00;0,778;62,05;0,905;-0,009;0,721;0,79;0,323;PH;PHL;Manila;East Asia & Pacific;121.035;14.5515;Lower middle income;Asia
Poland;2018;6,111;10,37;0,863;68,525;0,87;-0,258;0,72;0,622;0,176;PL;POL;Warsaw;Europe & Central Asia;21.02;52.26;High income;Europe
Poland;2019;6,242;10,41;0,878;68,7;0,883;-0,235;0,696;0,613;0,168;PL;POL;Warsaw;Europe & Central Asia;21.02;52.26;High income;Europe
Poland;2020;6,139;10,39;0,953;68,875;0,767;-0,012;0,787;0,677;0,329;PL;POL;Warsaw;Europe & Central Asia;21.02;52.26;High income;Europe
Poland;2021;5,978;10,46;0,936;69,05;0,732;0,124;0,744;0,7;0,277;PL;POL;Warsaw;Europe & Central Asia;21.02;52.26;High income;Europe
Poland;2022;6,666;10,51;0,886;69,225;0,8;-0,207;0,667;0,594;0,14;PL;POL;Warsaw;Europe & Central Asia;21.02;52.26;High income;Europe
Portugal;2018;5,92;10,44;0,887;70,875;0,877;-0,265;0,88;0,646;0,318;PT;PRT;Lisbon;Europe & Central Asia;-9.13552;38.7072;High income;Europe
Portugal;2019;6,095;10,46;0,876;71;0,882;-0,238;0,915;0,675;0,3;PT;PRT;Lisbon;Europe & Central Asia;-9.13552;38.7072;High income;Europe
Portugal;2020;5,768;10,37;0,875;71,125;0,913;-0,242;0,867;0,614;0,383;PT;PRT;Lisbon;Europe & Central Asia;-9.13552;38.7072;High income;Europe
Portugal;2021;6,183;10,42;0,895;71,25;0,892;-0,209;0,872;0,629;0,284;PT;PRT;Lisbon;Europe & Central Asia;-9.13552;38.7072;High income;Europe
Portugal;2022;5,953;10,49;0,862;71,375;0,903;-0,137;0,893;0,638;0,316;PT;PRT;Lisbon;Europe & Central Asia;-9.13552;38.7072;High income;Europe
Romania;2018;6,151;10,27;0,818;66,675;0,845;-0,222;0,921;0,649;0,298;RO;ROU;Bucharest;Europe & Central Asia;26.0979;44.4479;High income;Europe
Romania;2019;6,13;10,31;0,842;66,8;0,848;-0,226;0,954;0,605;0,244;RO;ROU;Bucharest;Europe & Central Asia;26.0979;44.4479;High income;Europe
Romania;2020;6,785;10,28;0,869;66,925;0,863;-0,159;0,918;0,668;0,256;RO;ROU;Bucharest;Europe & Central Asia;26.0979;44.4479;High income;Europe
Romania;2021;6,549;10,34;0,835;67,05;0,871;-0,184;0,928;0,674;0,264;RO;ROU;Bucharest;Europe & Central Asia;26.0979;44.4479;High income;Europe
Romania;2022;6,437;10,40;0,83;67,175;0,836;-0,172;0,941;0,615;0,258;RO;ROU;Bucharest;Europe & Central Asia;26.0979;44.4479;High income;Europe
Russia;2018;5,514;10,19;0,909;63,825;0,729;-0,151;0,865;0,615;0,199;0;0;0;0;37.6176;55.7558;Upper middle income;Asia
Russia;2019;5,441;10,21;0,91;64,2;0,715;-0,12;0,848;0,632;0,2;0;0;0;0;37.6176;55.7558;Upper middle income;Asia
Russia;2020;5,495;10,19;0,887;64,575;0,714;-0,076;0,823;0,621;0,19;0;0;0;0;37.6176;55.7558;Upper middle income;Asia
Russia;2021;5,448;10,24;0,862;64,95;0,671;0,056;0,808;0,59;0,19;0;0;0;0;37.6176;55.7558;Upper middle income;Asia
Russia;2022;6,044;10,20;0,92;65,325;0,776;-0,07;0,767;0,614;0,211;0;0;0;0;37.6176;55.7558;Upper middle income;Asia
Rwanda;2018;3,561;7,63;0,616;59,875;0,924;0,057;0,164;0,765;0,308;RW;RWA;Kigali;Sub-Saharan Africa;30.0587;-1.95325;Low income;Africa
Rwanda;2019;3,268;7,69;0,489;60,2;0,869;0,064;0,168;0,717;0,418;RW;RWA;Kigali;Sub-Saharan Africa;30.0587;-1.95325;Low income;Africa
Saudi Arabia;2018;6,356;10,73;0,868;63,8;0,855;-0,194;0,7449;0,696;0,288;SA;SAU;Riyadh;Middle East & North Africa;46.6977;24.6748;High income;Asia
Saudi Arabia;2019;6,561;10,71;0,912;64;0,891;-0,148;0,7449;0,674;0,238;SA;SAU;Riyadh;Middle East & North Africa;46.6977;24.6748;High income;Asia
Saudi Arabia;2020;6,56;10,67;0,89;64,2;0,884;-0,112;0,7449;0,702;0,251;SA;SAU;Riyadh;Middle East & North Africa;46.6977;24.6748;High income;Asia
Saudi Arabia;2021;6,445;10,70;0,859;64,4;0,902;-0,102;0,7449;0,728;0,228;SA;SAU;Riyadh;Middle East & North Africa;46.6977;24.6748;High income;Asia
Saudi Arabia;2022;6,382;10,78;0,9;64,6;0,883;-0,027;0,7449;0,677;0,205;SA;SAU;Riyadh;Middle East & North Africa;46.6977;24.6748;High income;Asia
Senegal;2018;4,769;8,12;0,739;59,1;0,629;-0,077;0,805;0,724;0,247;SN;SEN;Dakar;Sub-Saharan Africa;-17.4734;14.7247;Lower middle income;Africa
Senegal;2019;5,489;8,14;0,688;59,4;0,759;-0,022;0,796;0,768;0,332;SN;SEN;Dakar;Sub-Saharan Africa;-17.4734;14.7247;Lower middle income;Africa
Senegal;2020;4,757;8,13;0,621;59,7;0,797;-0,049;0,855;0,816;0,268;SN;SEN;Dakar;Sub-Saharan Africa;-17.4734;14.7247;Lower middle income;Africa
Senegal;2021;4,903;8,16;0,645;60;0,759;0,03;0,821;0,812;0,265;SN;SEN;Dakar;Sub-Saharan Africa;-17.4734;14.7247;Lower middle income;Africa
Senegal;2022;4,907;8,18;0,609;60,3;0,758;0,052;0,854;0,813;0,287;SN;SEN;Dakar;Sub-Saharan Africa;-17.4734;14.7247;Lower middle income;Africa
Serbia;2018;5,936;9,77;0,853;66,775;0,74;-0,103;0,864;0,527;0,296;RS;SRB;Belgrade;Europe & Central Asia;20.4656;44.8024;Upper middle income;Europe
Serbia;2019;6,241;9,82;0,903;66,9;0,753;-0,044;0,813;0,474;0,242;RS;SRB;Belgrade;Europe & Central Asia;20.4656;44.8024;Upper middle income;Europe
Serbia;2020;6,042;9,81;0,852;67,025;0,843;0,144;0,824;0,579;0,358;RS;SRB;Belgrade;Europe & Central Asia;20.4656;44.8024;Upper middle income;Europe
Serbia;2021;6,245;9,90;0,89;67,15;0,85;0,264;0,806;0,568;0,311;RS;SRB;Belgrade;Europe & Central Asia;20.4656;44.8024;Upper middle income;Europe
Sierra Leone;2018;4,306;7,38;0,65;52,1;0,716;0,096;0,856;0,533;0,466;SL;SLE;Freetown;Sub-Saharan Africa;-13.2134;8.4821;Low income;Africa
Sierra Leone;2019;3,447;7,41;0,611;52,9;0,718;0,075;0,874;0,521;0,438;SL;SLE;Freetown;Sub-Saharan Africa;-13.2134;8.4821;Low income;Africa
Sierra Leone;2021;3,714;7,39;0,609;54,5;0,659;0,109;0,851;0,538;0,448;SL;SLE;Freetown;Sub-Saharan Africa;-13.2134;8.4821;Low income;Africa
Sierra Leone;2022;2,56;7,40;0,502;55,3;0,66;0,101;0,862;0,494;0,505;SL;SLE;Freetown;Sub-Saharan Africa;-13.2134;8.4821;Low income;Africa
Singapore;2018;6,375;11,50;0,903;73,5;0,916;-0,071;0,097;0,731;0,107;SG;SGP;Singapore;East Asia & Pacific;103.85;1.28941;High income;Asia
Singapore;2019;6,378;11,50;0,925;73,6;0,938;0,022;0,07;0,674;0,138;SG;SGP;Singapore;East Asia & Pacific;103.85;1.28941;High income;Asia
Singapore;2021;6,587;11,57;0,876;73,8;0,879;0,063;0,145;0,697;0,16;SG;SGP;Singapore;East Asia & Pacific;103.85;1.28941;High income;Asia
Slovakia;2018;6,235;10,35;0,922;68,275;0,758;-0,169;0,91;0,67;0,253;0;0;0;0;17.1073;48.1484;High income;Europe
Slovakia;2019;6,243;10,37;0,933;68,5;0,771;-0,131;0,926;0,676;0,252;0;0;0;0;17.1073;48.1484;High income;Europe
Slovakia;2020;6,519;10,34;0,954;68,725;0,762;-0,079;0,901;0,695;0,274;0;0;0;0;17.1073;48.1484;High income;Europe
Slovakia;2021;6,419;10,37;0,951;68,95;0,742;0,046;0,896;0,692;0,241;0;0;0;0;17.1073;48.1484;High income;Europe
Slovenia;2018;6,249;10,55;0,941;70,525;0,942;-0,123;0,839;0,601;0,275;SI;SVN;Ljubljana;Europe & Central Asia;14.5044;46.0546;High income;Europe
Slovenia;2019;6,665;10,57;0,949;70,7;0,945;-0,106;0,785;0,622;0,228;SI;SVN;Ljubljana;Europe & Central Asia;14.5044;46.0546;High income;Europe
Slovenia;2020;6,462;10,52;0,953;70,875;0,958;-0,089;0,797;0,575;0,314;SI;SVN;Ljubljana;Europe & Central Asia;14.5044;46.0546;High income;Europe
Slovenia;2021;6,761;10,60;0,955;71,05;0,851;0,027;0,754;0,643;0,261;SI;SVN;Ljubljana;Europe & Central Asia;14.5044;46.0546;High income;Europe
Slovenia;2022;6,723;10,64;0,942;71,225;0,93;0,101;0,762;0,625;0,242;SI;SVN;Ljubljana;Europe & Central Asia;14.5044;46.0546;High income;Europe
South Africa;2018;4,884;9,55;0,841;55,675;0,753;-0,061;0,841;0,736;0,283;ZA;ZAF;Pretoria;Sub-Saharan Africa;28.1871;-25.746;Upper middle income;Africa
South Africa;2019;5,035;9,54;0,848;56,2;0,738;-0,145;0,82;0,727;0,268;ZA;ZAF;Pretoria;Sub-Saharan Africa;28.1871;-25.746;Upper middle income;Africa
South Africa;2020;4,947;9,46;0,891;56,725;0,757;-0,027;0,912;0,761;0,294;ZA;ZAF;Pretoria;Sub-Saharan Africa;28.1871;-25.746;Upper middle income;Africa
South Africa;2021;5,599;9,50;0,922;57,25;0,704;-0,145;0,892;0,784;0,173;ZA;ZAF;Pretoria;Sub-Saharan Africa;28.1871;-25.746;Upper middle income;Africa
South Korea;2018;5,84;10,65;0,798;72,825;0,6;-0,093;0,797;0,579;0,217;0;0;0;0;126.957;37.5323;High income;Asia
South Korea;2019;5,903;10,66;0,783;73,1;0,706;-0,06;0,718;0,593;0,236;0;0;0;0;126.957;37.5323;High income;Asia
South Korea;2020;5,793;10,66;0,808;73,375;0,711;-0,111;0,665;0,55;0,247;0;0;0;0;126.957;37.5323;High income;Asia
South Korea;2021;6,113;10,70;0,811;73,65;0,717;-0,031;0,685;0,566;0,221;0;0;0;0;126.957;37.5323;High income;Asia
South Korea;2022;5,95;10,73;0,81;73,925;0,723;0,003;0,747;0,585;0,233;0;0;0;0;126.957;37.5323;High income;Asia
Spain;2018;6,513;10,60;0,91;71,975;0,722;-0,079;0,777;0,636;0,357;ES;ESP;Madrid;Europe & Central Asia;-3.70327;40.4167;High income;Europe
Spain;2019;6,457;10,62;0,949;72,1;0,778;-0,053;0,73;0,636;0,316;ES;ESP;Madrid;Europe & Central Asia;-3.70327;40.4167;High income;Europe
Spain;2020;6,502;10,49;0,935;72,225;0,783;-0,125;0,73;0,671;0,317;ES;ESP;Madrid;Europe & Central Asia;-3.70327;40.4167;High income;Europe
Spain;2021;6,47;10,54;0,926;72,35;0,782;-0,074;0,729;0,639;0,324;ES;ESP;Madrid;Europe & Central Asia;-3.70327;40.4167;High income;Europe
Spain;2022;6,337;10,59;0,934;72,475;0,781;0,001;0,673;0,636;0,32;ES;ESP;Madrid;Europe & Central Asia;-3.70327;40.4167;High income;Europe
Sri Lanka;2018;4,435;9,53;0,833;66,9;0,859;0,098;0,856;0,773;0,302;LK;LKA;Colombo;South Asia;79.8528;6.92148;Lower middle income;Asia
Sri Lanka;2019;4,213;9,52;0,815;67;0,824;0,045;0,863;0,753;0,315;LK;LKA;Colombo;South Asia;79.8528;6.92148;Lower middle income;Asia
Sri Lanka;2020;4,778;9,48;0,842;67,1;0,803;-0,048;0,768;0,758;0,285;LK;LKA;Colombo;South Asia;79.8528;6.92148;Lower middle income;Asia
Sri Lanka;2021;4,103;9,50;0,812;67,2;0,771;-0,012;0,849;0,733;0,312;LK;LKA;Colombo;South Asia;79.8528;6.92148;Lower middle income;Asia
State of Palestine;2018;4,554;8,72;0,819;0,837333333;0,655;-0,16;0,814;0,528;0,419;0;0;0;0;35.25;32.00;Lower middle income;Asia
State of Palestine;2019;4,483;8,72;0,833;0,837333333;0,653;-0,132;0,829;0,538;0,4;0;0;0;0;35.25;32.00;Lower middle income;Asia
State of Palestine;2022;4,908;8,72;0,86;0,837333333;0,695;-0,146;0,836;0,584;0,362;0;0;0;0;35.25;32.00;Lower middle income;Asia
Sweden;2018;7,375;10,87;0,931;71,775;0,942;0,073;0,263;0,747;0,161;SE;SWE;Stockholm;Europe & Central Asia;18.0645;59.3327;High income;Europe
Sweden;2019;7,398;10,88;0,934;71,9;0,942;0,087;0,25;0,775;0,202;SE;SWE;Stockholm;Europe & Central Asia;18.0645;59.3327;High income;Europe
Sweden;2020;7,314;10,85;0,936;72,025;0,951;0,086;0,203;0,717;0,222;SE;SWE;Stockholm;Europe & Central Asia;18.0645;59.3327;High income;Europe
Sweden;2021;7,439;10,89;0,932;72,15;0,953;0,174;0,191;0,763;0,19;SE;SWE;Stockholm;Europe & Central Asia;18.0645;59.3327;High income;Europe
Sweden;2022;7,431;10,91;0,949;72,275;0,939;0,234;0,213;0,75;0,163;SE;SWE;Stockholm;Europe & Central Asia;18.0645;59.3327;High income;Europe
Switzerland;2018;7,509;11,16;0,93;72,3;0,926;0,094;0,301;0,756;0,192;CH;CHE;Bern;Europe & Central Asia;7.44821;46.948;High income;Europe
Switzerland;2019;7,694;11,17;0,949;72,5;0,913;0,029;0,294;0,743;0,171;CH;CHE;Bern;Europe & Central Asia;7.44821;46.948;High income;Europe
Switzerland;2020;7,508;11,14;0,946;72,7;0,917;-0,072;0,28;0,73;0,193;CH;CHE;Bern;Europe & Central Asia;7.44821;46.948;High income;Europe
Switzerland;2021;7,328;11,17;0,934;72,9;0,908;0,024;0,287;0,747;0,183;CH;CHE;Bern;Europe & Central Asia;7.44821;46.948;High income;Europe
Switzerland;2022;6,884;11,18;0,881;73,1;0,848;0,128;0,235;0,71;0,18;CH;CHE;Bern;Europe & Central Asia;7.44821;46.948;High income;Europe
Taiwan Province of China;2018;6,467;10,78;0,896;0,8878;0,741;-0,177;0,736;0,746;0,093;0;0;0;0;121.00;23.8;High income;Asia
Taiwan Province of China;2019;6,537;10,80;0,893;0,8878;0,814;-0,129;0,718;0,762;0,093;0;0;0;0;121.00;23.8;High income;Asia
Taiwan Province of China;2020;6,751;10,79;0,901;0,8878;0,799;-0,153;0,711;0,743;0,083;0;0;0;0;121.00;23.8;High income;Asia
Taiwan Province of China;2021;6,247;10,79;0,866;0,8878;0,818;-0,153;0,675;0,667;0,123;0;0;0;0;121.00;23.8;High income;Asia
Taiwan Province of China;2022;6,607;10,79;0,883;0,8878;0,8;-0,153;0,658;0,717;0,095;0;0;0;0;121.00;23.8;High income;Asia
Tajikistan;2018;5,497;8,13;0,875;61,85;0,791;-0,071;0,578;0,632;0,22;TJ;TJK;Dushanbe;Europe & Central Asia;68.7864;38.5878;Lower middle income;Asia
Tajikistan;2019;5,464;8,18;0,88;62;0,791;-0,051;0,49;0,663;0,178;TJ;TJK;Dushanbe;Europe & Central Asia;68.7864;38.5878;Lower middle income;Asia
Tajikistan;2020;5,373;8,20;0,79;62,15;0,791;-0,051;0,55;0,652;0,344;TJ;TJK;Dushanbe;Europe & Central Asia;68.7864;38.5878;Lower middle income;Asia
Tajikistan;2021;5,287;8,27;0,883;62,3;0,791;-0,068;0,499;0,655;0,24;TJ;TJK;Dushanbe;Europe & Central Asia;68.7864;38.5878;Lower middle income;Asia
Tanzania;2018;3,445;7,83;0,675;58,05;0,807;0,154;0,612;0,702;0,221;TZ;TZA;Dodoma;Sub-Saharan Africa;35.7382;-6.17486;Lower middle income;Africa
Tanzania;2019;3,64;7,86;0,687;58,5;0,85;0,101;0,589;0,679;0,243;TZ;TZA;Dodoma;Sub-Saharan Africa;35.7382;-6.17486;Lower middle income;Africa
Tanzania;2020;3,786;7,84;0,74;58,95;0,83;0,296;0,521;0,667;0,271;TZ;TZA;Dodoma;Sub-Saharan Africa;35.7382;-6.17486;Lower middle income;Africa
Tanzania;2021;3,681;7,86;0,619;59,4;0,822;0,113;0,546;0,648;0,246;TZ;TZA;Dodoma;Sub-Saharan Africa;35.7382;-6.17486;Lower middle income;Africa
Tanzania;2022;3,616;7,87;0,6;59,85;0,856;0,136;0,584;0,707;0,195;TZ;TZA;Dodoma;Sub-Saharan Africa;35.7382;-6.17486;Lower middle income;Africa
Thailand;2018;6,012;9,78;0,873;68,225;0,905;0,257;0,907;0,783;0,198;TH;THA;Bangkok;East Asia & Pacific;100.521;13.7308;Upper middle income;Asia
Thailand;2019;6,022;9,80;0,903;68,3;0,898;0,307;0,877;0,792;0,208;TH;THA;Bangkok;East Asia & Pacific;100.521;13.7308;Upper middle income;Asia
Thailand;2020;5,885;9,73;0,867;68,375;0,84;0,272;0,918;0,77;0,326;TH;THA;Bangkok;East Asia & Pacific;100.521;13.7308;Upper middle income;Asia
Thailand;2021;5,638;9,75;0,883;68,45;0,836;0,293;0,943;0,719;0,298;TH;THA;Bangkok;East Asia & Pacific;100.521;13.7308;Upper middle income;Asia
Thailand;2022;6,007;9,78;0,867;68,525;0,881;0,301;0,868;0,773;0,218;TH;THA;Bangkok;East Asia & Pacific;100.521;13.7308;Upper middle income;Asia
Togo;2018;4,023;7,61;0,596;55,7;0,612;-0,027;0,809;0,602;0,446;TG;TGO;Lome;Sub-Saharan Africa;1.2255;6.1228;Low income;Africa
Togo;2019;4,179;7,64;0,539;56,2;0,617;0,044;0,737;0,606;0,444;TG;TGO;Lome;Sub-Saharan Africa;1.2255;6.1228;Low income;Africa
Togo;2021;4,037;7,66;0,603;57,2;0,619;0,041;0,766;0,628;0,417;TG;TGO;Lome;Sub-Saharan Africa;1.2255;6.1228;Low income;Africa
Togo;2022;4,239;7,69;0,579;57,7;0,696;0,007;0,713;0,594;0,414;TG;TGO;Lome;Sub-Saharan Africa;1.2255;6.1228;Low income;Africa
Tunisia;2018;4,741;9,31;0,733;66,85;0,65;-0,196;0,84;0,536;0,365;TN;TUN;Tunis;Middle East & North Africa;10.21;36.7899;Lower middle income;Africa
Tunisia;2019;4,315;9,32;0,61;66,9;0,659;-0,214;0,889;0,459;0,433;TN;TUN;Tunis;Middle East & North Africa;10.21;36.7899;Lower middle income;Africa
Tunisia;2020;4,731;9,22;0,719;66,95;0,668;-0,204;0,877;0,519;0,439;TN;TUN;Tunis;Middle East & North Africa;10.21;36.7899;Lower middle income;Africa
Tunisia;2021;4,499;9,25;0,711;67;0,591;-0,203;0,933;0,451;0,336;TN;TUN;Tunis;Middle East & North Africa;10.21;36.7899;Lower middle income;Africa
Tunisia;2022;4,261;9,27;0,755;67,05;0,474;-0,231;0,908;0,458;0,304;TN;TUN;Tunis;Middle East & North Africa;10.21;36.7899;Lower middle income;Africa
Turkiye;2018;5,186;10,25;0,847;68,225;0,529;-0,179;0,805;0,379;0,351;TR;TUR;Ankara;Europe & Central Asia;32.3606;39.7153;Upper middle income;Asia
Turkiye;2019;4,872;10,25;0,792;68,4;0,631;-0,139;0,76;0,347;0,368;TR;TUR;Ankara;Europe & Central Asia;32.3606;39.7153;Upper middle income;Asia
Turkiye;2020;4,862;10,26;0,857;68,575;0,51;-0,117;0,774;0,332;0,44;TR;TUR;Ankara;Europe & Central Asia;32.3606;39.7153;Upper middle income;Asia
Turkiye;2021;4,367;10,36;0,736;68,75;0,447;-0,037;0,81;0,297;0,471;TR;TUR;Ankara;Europe & Central Asia;32.3606;39.7153;Upper middle income;Asia
Turkmenistan;2018;4,621;9,57;0,984;62;0,858;0,259;0,7449;0,567;0,189;TM;TKM;Ashgabat;Europe & Central Asia;58.3794;37.9509;Upper middle income;Asia
Turkmenistan;2019;5,474;9,62;0,982;62,1;0,892;0,284;0,7449;0,494;0,183;TM;TKM;Ashgabat;Europe & Central Asia;58.3794;37.9509;Upper middle income;Asia
Uganda;2018;4,322;7,69;0,74;57,725;0,729;0,075;0,856;0,687;0,39;UG;UGA;Kampala;Sub-Saharan Africa;32.5729;0.314269;Low income;Africa
Uganda;2019;4,948;7,72;0,805;58,2;0,704;0,135;0,826;0,689;0,385;UG;UGA;Kampala;Sub-Saharan Africa;32.5729;0.314269;Low income;Africa
Uganda;2020;4,641;7,71;0,8;58,675;0,687;0,143;0,878;0,705;0,425;UG;UGA;Kampala;Sub-Saharan Africa;32.5729;0.314269;Low income;Africa
Uganda;2021;4,225;7,72;0,793;59,15;0,711;0,084;0,835;0,699;0,359;UG;UGA;Kampala;Sub-Saharan Africa;32.5729;0.314269;Low income;Africa
Ukraine;2018;4,662;9,42;0,901;64,175;0,663;-0,078;0,943;0,55;0,222;UA;UKR;Kiev;Europe & Central Asia;30.5038;50.4536;Lower middle income;Europe
Ukraine;2019;4,702;9,46;0,883;64,3;0,715;-0,084;0,885;0,549;0,201;UA;UKR;Kiev;Europe & Central Asia;30.5038;50.4536;Lower middle income;Europe
Ukraine;2020;5,27;9,43;0,885;64,425;0,784;0,123;0,946;0,629;0,285;UA;UKR;Kiev;Europe & Central Asia;30.5038;50.4536;Lower middle income;Europe
Ukraine;2021;5,311;9,47;0,879;64,55;0,77;0,169;0,922;0,575;0,25;UA;UKR;Kiev;Europe & Central Asia;30.5038;50.4536;Lower middle income;Europe
Ukraine;2022;4,637;9,05;0,863;64,675;0,829;0,428;0,852;0,527;0,39;UA;UKR;Kiev;Europe & Central Asia;30.5038;50.4536;Lower middle income;Europe
United Arab Emirates;2018;6,604;11,18;0,851;65,85;0,944;0,045;0,7449;0,723;0,302;AE;ARE;Abu Dhabi;Middle East & North Africa;54.3705;24.4764;High income;Asia
United Arab Emirates;2019;6,711;11,18;0,862;66;0,911;0,119;0,7449;0,73;0,284;AE;ARE;Abu Dhabi;Middle East & North Africa;54.3705;24.4764;High income;Asia
United Arab Emirates;2020;6,458;11,12;0,827;66,15;0,942;0,05;0,7449;0,702;0,298;AE;ARE;Abu Dhabi;Middle East & North Africa;54.3705;24.4764;High income;Asia
United Arab Emirates;2021;6,733;11,15;0,826;66,3;0,951;0,151;0,7449;0,697;0,217;AE;ARE;Abu Dhabi;Middle East & North Africa;54.3705;24.4764;High income;Asia
United Arab Emirates;2022;6,738;11,20;0,798;66,45;0,932;0,171;0,7449;0,715;0,242;AE;ARE;Abu Dhabi;Middle East & North Africa;54.3705;24.4764;High income;Asia
United Kingdom;2018;7,233;10,76;0,928;70;0,838;0,221;0,404;0,736;0,228;GB;GBR;London;Europe & Central Asia;-0.126236;51.5002;High income;Europe
United Kingdom;2019;7,157;10,77;0,943;70,1;0,854;0,265;0,485;0,739;0,251;GB;GBR;London;Europe & Central Asia;-0.126236;51.5002;High income;Europe
United Kingdom;2020;6,798;10,65;0,929;70,2;0,885;0,197;0,49;0,717;0,225;GB;GBR;London;Europe & Central Asia;-0.126236;51.5002;High income;Europe
United Kingdom;2021;6,867;10,71;0,854;70,3;0,815;0,254;0,448;0,684;0,266;GB;GBR;London;Europe & Central Asia;-0.126236;51.5002;High income;Europe
United Kingdom;2022;6,722;10,75;0,863;70,4;0,857;0,309;0,426;0,723;0,27;GB;GBR;London;Europe & Central Asia;-0.126236;51.5002;High income;Europe
United States;2018;6,883;11,02;0,904;66,225;0,825;0,112;0,71;0,757;0,292;US;USA;Washington D,C,;North America;-77.032;38.8895;High income;North America
United States;2019;6,944;11,04;0,917;66,1;0,836;0,14;0,707;0,755;0,244;US;USA;Washington D,C,;North America;-77.032;38.8895;High income;North America
United States;2020;7,028;11,01;0,937;65,975;0,85;0,029;0,678;0,722;0,295;US;USA;Washington D,C,;North America;-77.032;38.8895;High income;North America
United States;2021;6,959;11,06;0,92;65,85;0,816;0,19;0,687;0,74;0,277;US;USA;Washington D,C,;North America;-77.032;38.8895;High income;North America
United States;2022;6,693;11,08;0,9;65,725;0,736;0,191;0,701;0,712;0,267;US;USA;Washington D,C,;North America;-77.032;38.8895;High income;North America
Uruguay;2018;6,372;10,05;0,917;67,5;0,876;-0,106;0,683;0,775;0,275;UY;URY;Montevideo;Latin America & Caribbean;-56.0675;-34.8941;High income;South America
Uruguay;2019;6,6;10,05;0,933;67,5;0,903;-0,104;0,599;0,764;0,222;UY;URY;Montevideo;Latin America & Caribbean;-56.0675;-34.8941;High income;South America
Uruguay;2020;6,31;9,99;0,921;67,5;0,908;-0,091;0,491;0,721;0,265;UY;URY;Montevideo;Latin America & Caribbean;-56.0675;-34.8941;High income;South America
Uruguay;2021;6,502;10,04;0,914;67,5;0,899;-0,051;0,606;0,746;0,263;UY;URY;Montevideo;Latin America & Caribbean;-56.0675;-34.8941;High income;South America
Uruguay;2022;6,671;10,08;0,905;67,5;0,878;-0,052;0,631;0,775;0,267;UY;URY;Montevideo;Latin America & Caribbean;-56.0675;-34.8941;High income;South America
Uzbekistan;2018;6,205;8,87;0,921;64,4;0,97;0,312;0,52;0,746;0,209;UZ;UZB;Tashkent;Europe & Central Asia;69.269;41.3052;Lower middle income;Asia
Uzbekistan;2019;6,154;8,90;0,915;64,7;0,97;0,298;0,511;0,751;0,22;UZ;UZB;Tashkent;Europe & Central Asia;69.269;41.3052;Lower middle income;Asia
Uzbekistan;2020;5,842;8,90;0,85;65;0,928;0,193;0,642;0,678;0,279;UZ;UZB;Tashkent;Europe & Central Asia;69.269;41.3052;Lower middle income;Asia
Uzbekistan;2021;6,185;8,95;0,896;65,3;0,927;0,186;0,662;0,698;0,233;UZ;UZB;Tashkent;Europe & Central Asia;69.269;41.3052;Lower middle income;Asia
Uzbekistan;2022;6,016;8,99;0,879;65,6;0,959;0,309;0,616;0,741;0,225;UZ;UZB;Tashkent;Europe & Central Asia;69.269;41.3052;Lower middle income;Asia
Venezuela;2018;5,006;5,94;0,887;64,575;0,611;0,072;0,828;0,723;0,374;0;0;0;0;-69.8371;9.08165;Not classified;South America
Venezuela;2019;5,081;5,53;0,888;64,4;0,626;0,128;0,839;0,73;0,351;0;0;0;0;-69.8371;9.08165;Not classified;South America
Venezuela;2020;4,574;5,73;0,805;64,225;0,612;0,1;0,811;0,689;0,396;0;0;0;0;-69.8371;9.08165;Not classified;South America
Venezuela;2021;5,108;5,73;0,812;64,05;0,596;0,1;0,824;0,698;0,389;0;0;0;0;-69.8371;9.08165;Not classified;South America
Venezuela;2022;5,949;5,73;0,899;63,875;0,77;0,1;0,798;0,754;0,292;0;0;0;0;-69.8371;9.08165;Not classified;South America
Vietnam;2018;5,296;9,17;0,832;65,2;0,909;-0,061;0,808;0,614;0,191;0;0;0;0;108.00;16.00;Lower middle income;Asia
Vietnam;2019;5,467;9,24;0,848;65,3;0,952;-0,146;0,788;0,658;0,186;0;0;0;0;108.00;16.00;Lower middle income;Asia
Vietnam;2020;5,462;9,25;0,765;65,4;0,945;0,066;0,791;0,699;0,286;0;0;0;0;108.00;16.00;Lower middle income;Asia
Vietnam;2021;5,54;9,27;0,799;65,5;0,897;0,107;0,798;0,651;0,28;0;0;0;0;108.00;16.00;Lower middle income;Asia
Vietnam;2022;6,267;9,33;0,879;65,6;0,975;-0,179;0,703;0,774;0,108;0;0;0;0;108.00;16.00;Lower middle income;Asia
Yemen;2018;3,058;7,44;0,789;57,725;0,553;-0,124;0,793;0,409;0,315;0;0;0;0;44.2075;15.352;Low income;Asia
Yemen;2019;4,197;7,45;0,87;57,5;0,651;-0,103;0,798;0,481;0,213;0;0;0;0;44.2075;15.352;Low income;Asia
Zambia;2018;4,041;8,14;0,718;53,975;0,791;0,048;0,811;0,662;0,351;ZM;ZMB;Lusaka;Sub-Saharan Africa;28.2937;-15.3982;Low income;Africa
Zambia;2019;3,307;8,12;0,638;54,4;0,811;0,078;0,832;0,674;0,394;ZM;ZMB;Lusaka;Sub-Saharan Africa;28.2937;-15.3982;Low income;Africa
Zambia;2020;4,838;8,07;0,767;54,825;0,75;0,058;0,81;0,679;0,345;ZM;ZMB;Lusaka;Sub-Saharan Africa;28.2937;-15.3982;Low income;Africa
Zambia;2021;3,082;8,08;0,619;55,25;0,833;0,141;0,824;0,656;0,349;ZM;ZMB;Lusaka;Sub-Saharan Africa;28.2937;-15.3982;Low income;Africa
Zimbabwe;2018;3,616;7,78;0,775;52,625;0,763;-0,051;0,844;0,658;0,212;ZW;ZWE;Harare;Sub-Saharan Africa;31.0672;-17.8312;Lower middle income;Africa
Zimbabwe;2019;2,694;7,70;0,759;53,1;0,632;-0,047;0,831;0,658;0,235;ZW;ZWE;Harare;Sub-Saharan Africa;31.0672;-17.8312;Lower middle income;Africa
Zimbabwe;2020;3,16;7,60;0,717;53,575;0,643;0,006;0,789;0,661;0,346;ZW;ZWE;Harare;Sub-Saharan Africa;31.0672;-17.8312;Lower middle income;Africa
Zimbabwe;2021;3,155;7,66;0,685;54,05;0,668;-0,076;0,757;0,61;0,242;ZW;ZWE;Harare;Sub-Saharan Africa;31.0672;-17.8312;Lower middle income;Africa
Zimbabwe;2022;3,296;7,67;0,666;54,525;0,652;-0,07;0,753;0,641;0,191;ZW;ZWE;Harare;Sub-Saharan Africa;31.0672;-17.8312;Lower middle income;Africa
